[{"grind_size":18,"grind_weight":0,"method_of_preparation":"e7797479-930a-4624-a076-a06edfb96f75","mill":"d7a0372e-b1a7-4d90-9497-c9b1194d34f6","mill_speed":0,"mill_timer":0,"pressure_profile":"","bean":"3c69b8aa-5a9b-4d0e-b3af-a0f1ed493cfe","brew_temperature_time":0,"brew_temperature":0,"brew_time":173,"brew_quantity":313.1,"brew_quantity_type":"GR","note":"","rating":0,"coffee_type":"","coffee_concentration":"","coffee_first_drip_time":0,"coffee_blooming_time":45,"attachments":[],"config":{"uuid":"ed0b5e21-6684-4d41-8dcb-028267100ad3","unix_timestamp":1716713431},"tds":0,"brew_beverage_quantity":265.4,"brew_beverage_quantity_type":"GR","brew_time_milliseconds":0,"brew_temperature_time_milliseconds":0,"coffee_first_drip_time_milliseconds":0,"coffee_blooming_time_milliseconds":0,"coordinates":{"accuracy":null,"altitude":null,"altitudeAccuracy":null,"heading":null,"latitude":null,"longitude":null,"speed":null},"cupping":{"body":0,"brightness":0,"clean_cup":0,"complexity":0,"cuppers_correction":0,"dry_fragrance":0,"finish":0,"flavor":0,"sweetness":0,"uniformity":0,"wet_aroma":0,"notes":""},"cupped_flavor":{"predefined_flavors":{},"custom_flavors":[]},"method_of_preparation_tools":[],"bean_weight_in":15.2,"favourite":false,"best_brew":false,"water":"","vessel_name":"Kinto","vessel_weight":190.8,"flow_profile":"","reference_flow_profile":{"type":"NONE","uuid":""},"preparationDeviceBrew":{"type":"NONE"},"customInformation":{"visualizer_id":""}},{"grind_size":24,"grind_weight":18,"method_of_preparation":"81557c32-ce0d-41e0-8e7a-ab87fb535d56","mill":"d7a0372e-b1a7-4d90-9497-c9b1194d34f6","mill_speed":0,"mill_timer":0,"pressure_profile":"","bean":"6053b988-3188-43a9-bebb-78ce380860c6","brew_temperature_time":0,"brew_temperature":0,"brew_time":142,"brew_quantity":287,"brew_quantity_type":"GR","note":"","rating":4,"coffee_type":"","coffee_concentration":"","coffee_first_drip_time":0,"coffee_blooming_time":45,"attachments":[],"config":{"uuid":"9c64c400-3c65-4acc-9482-8b067b1adee0","unix_timestamp":1717311048},"tds":0,"brew_beverage_quantity":248.5,"brew_beverage_quantity_type":"GR","brew_time_milliseconds":0,"brew_temperature_time_milliseconds":0,"coffee_first_drip_time_milliseconds":0,"coffee_blooming_time_milliseconds":0,"coordinates":{"accuracy":null,"altitude":null,"altitudeAccuracy":null,"heading":null,"latitude":null,"longitude":null,"speed":null},"cupping":{"body":0,"brightness":0,"clean_cup":0,"complexity":0,"cuppers_correction":0,"dry_fragrance":0,"finish":0,"flavor":0,"sweetness":0,"uniformity":0,"wet_aroma":0,"notes":""},"cupped_flavor":{"predefined_flavors":{},"custom_flavors":[]},"method_of_preparation_tools":["2b297347-6d37-410e-b6eb-556f34758af6"],"bean_weight_in":18,"favourite":false,"best_brew":false,"water":"","vessel_name":"Kinto","vessel_weight":190.8,"flow_profile":"brews/9c64c400-3c65-4acc-9482-8b067b1adee0_flow_profile.json","reference_flow_profile":{"type":"NONE","uuid":""},"preparationDeviceBrew":{"type":"NONE"},"customInformation":{"visualizer_id":""}},{"grind_size":24,"grind_weight":19.9,"method_of_preparation":"81557c32-ce0d-41e0-8e7a-ab87fb535d56","mill":"d7a0372e-b1a7-4d90-9497-c9b1194d34f6","mill_speed":0,"mill_timer":0,"pressure_profile":"","bean":"6053b988-3188-43a9-bebb-78ce380860c6","brew_temperature_time":0,"brew_temperature":0,"brew_time":170,"brew_quantity":318.4,"brew_quantity_type":"GR","note":"","rating":4.5,"coffee_type":"","coffee_concentration":"","coffee_first_drip_time":0,"coffee_blooming_time":45,"attachments":[],"config":{"uuid":"327bc5cc-705f-48bf-a21e-4e5bb9cd185f","unix_timestamp":1717388866},"tds":0,"brew_beverage_quantity":277.7,"brew_beverage_quantity_type":"GR","brew_time_milliseconds":0,"brew_temperature_time_milliseconds":0,"coffee_first_drip_time_milliseconds":0,"coffee_blooming_time_milliseconds":0,"coordinates":{"accuracy":null,"altitude":null,"altitudeAccuracy":null,"heading":null,"latitude":null,"longitude":null,"speed":null},"cupping":{"body":0,"brightness":0,"clean_cup":0,"complexity":0,"cuppers_correction":0,"dry_fragrance":0,"finish":0,"flavor":0,"sweetness":0,"uniformity":0,"wet_aroma":0,"notes":""},"cupped_flavor":{"predefined_flavors":{},"custom_flavors":[]},"method_of_preparation_tools":["2b297347-6d37-410e-b6eb-556f34758af6"],"bean_weight_in":19.9,"favourite":false,"best_brew":false,"water":"","vessel_name":"Kinto","vessel_weight":190.8,"flow_profile":"brews/327bc5cc-705f-48bf-a21e-4e5bb9cd185f_flow_profile.json","reference_flow_profile":{"type":"NONE","uuid":""},"preparationDeviceBrew":{"type":"NONE"},"customInformation":{"visualizer_id":""}},{"grind_size":24,"grind_weight":20,"method_of_preparation":"81557c32-ce0d-41e0-8e7a-ab87fb535d56","mill":"d7a0372e-b1a7-4d90-9497-c9b1194d34f6","mill_speed":0,"mill_timer":0,"pressure_profile":"","bean":"6053b988-3188-43a9-bebb-78ce380860c6","brew_temperature_time":0,"brew_temperature":0,"brew_time":156,"brew_quantity":315,"brew_quantity_type":"GR","note":"","rating":0,"coffee_type":"","coffee_concentration":"","coffee_first_drip_time":0,"coffee_blooming_time":45,"attachments":[],"config":{"uuid":"4a5147de-e2fb-4295-8f91-6263d97527ad","unix_timestamp":1717561455},"tds":0,"brew_beverage_quantity":274.3,"brew_beverage_quantity_type":"GR","brew_time_milliseconds":0,"brew_temperature_time_milliseconds":0,"coffee_first_drip_time_milliseconds":0,"coffee_blooming_time_milliseconds":0,"coordinates":{"accuracy":null,"altitude":null,"altitudeAccuracy":null,"heading":null,"latitude":null,"longitude":null,"speed":null},"cupping":{"body":0,"brightness":0,"clean_cup":0,"complexity":0,"cuppers_correction":0,"dry_fragrance":0,"finish":0,"flavor":0,"sweetness":0,"uniformity":0,"wet_aroma":0,"notes":""},"cupped_flavor":{"predefined_flavors":{},"custom_flavors":[]},"method_of_preparation_tools":["2b297347-6d37-410e-b6eb-556f34758af6"],"bean_weight_in":20,"favourite":false,"best_brew":false,"water":"","vessel_name":"Kinto","vessel_weight":190.8,"flow_profile":"brews/4a5147de-e2fb-4295-8f91-6263d97527ad_flow_profile.json","reference_flow_profile":{"type":"NONE","uuid":""},"preparationDeviceBrew":{"type":"NONE"},"customInformation":{"visualizer_id":""}},{"grind_size":24,"grind_weight":20.1,"method_of_preparation":"81557c32-ce0d-41e0-8e7a-ab87fb535d56","mill":"d7a0372e-b1a7-4d90-9497-c9b1194d34f6","mill_speed":0,"mill_timer":0,"pressure_profile":"","bean":"6053b988-3188-43a9-bebb-78ce380860c6","brew_temperature_time":0,"brew_temperature":0,"brew_time":169,"brew_quantity":321.6,"brew_quantity_type":"GR","note":"","rating":0,"coffee_type":"","coffee_concentration":"","coffee_first_drip_time":0,"coffee_blooming_time":44,"attachments":[],"config":{"uuid":"d02758f2-2403-43a8-a15b-5ab033f4dd8c","unix_timestamp":1717649505},"tds":0,"brew_beverage_quantity":280.8,"brew_beverage_quantity_type":"GR","brew_time_milliseconds":0,"brew_temperature_time_milliseconds":0,"coffee_first_drip_time_milliseconds":0,"coffee_blooming_time_milliseconds":0,"coordinates":{"accuracy":null,"altitude":null,"altitudeAccuracy":null,"heading":null,"latitude":null,"longitude":null,"speed":null},"cupping":{"body":0,"brightness":0,"clean_cup":0,"complexity":0,"cuppers_correction":0,"dry_fragrance":0,"finish":0,"flavor":0,"sweetness":0,"uniformity":0,"wet_aroma":0,"notes":""},"cupped_flavor":{"predefined_flavors":{},"custom_flavors":[]},"method_of_preparation_tools":["2b297347-6d37-410e-b6eb-556f34758af6"],"bean_weight_in":20.1,"favourite":false,"best_brew":false,"water":"","vessel_name":"Kinto","vessel_weight":190.8,"flow_profile":"brews/d02758f2-2403-43a8-a15b-5ab033f4dd8c_flow_profile.json","reference_flow_profile":{"type":"NONE","uuid":""},"preparationDeviceBrew":{"type":"NONE"},"customInformation":{"visualizer_id":""}},{"grind_size":24,"grind_weight":22.2,"method_of_preparation":"81557c32-ce0d-41e0-8e7a-ab87fb535d56","mill":"d7a0372e-b1a7-4d90-9497-c9b1194d34f6","mill_speed":0,"mill_timer":0,"pressure_profile":"","bean":"6053b988-3188-43a9-bebb-78ce380860c6","brew_temperature_time":0,"brew_temperature":0,"brew_time":172,"brew_quantity":343.3,"brew_quantity_type":"GR","note":"","rating":0,"coffee_type":"","coffee_concentration":"","coffee_first_drip_time":0,"coffee_blooming_time":50,"attachments":[],"config":{"uuid":"d16443a9-4c81-4ca8-ba35-0991baa0ac4c","unix_timestamp":1717751286},"tds":0,"brew_beverage_quantity":298.1,"brew_beverage_quantity_type":"GR","brew_time_milliseconds":0,"brew_temperature_time_milliseconds":0,"coffee_first_drip_time_milliseconds":0,"coffee_blooming_time_milliseconds":0,"coordinates":{"accuracy":null,"altitude":null,"altitudeAccuracy":null,"heading":null,"latitude":null,"longitude":null,"speed":null},"cupping":{"body":0,"brightness":0,"clean_cup":0,"complexity":0,"cuppers_correction":0,"dry_fragrance":0,"finish":0,"flavor":0,"sweetness":0,"uniformity":0,"wet_aroma":0,"notes":""},"cupped_flavor":{"predefined_flavors":{},"custom_flavors":[]},"method_of_preparation_tools":["2b297347-6d37-410e-b6eb-556f34758af6"],"bean_weight_in":22.3,"favourite":false,"best_brew":false,"water":"","vessel_name":"Kinto","vessel_weight":190.8,"flow_profile":"brews/d16443a9-4c81-4ca8-ba35-0991baa0ac4c_flow_profile.json","reference_flow_profile":{"type":"NONE","uuid":""},"preparationDeviceBrew":{"type":"NONE"},"customInformation":{"visualizer_id":""}},{"grind_size":24,"grind_weight":14,"method_of_preparation":"81557c32-ce0d-41e0-8e7a-ab87fb535d56","mill":"d7a0372e-b1a7-4d90-9497-c9b1194d34f6","mill_speed":0,"mill_timer":0,"pressure_profile":"","bean":"25bf3245-3a34-4667-9038-add3255c4af0","brew_temperature_time":0,"brew_temperature":0,"brew_time":199,"brew_quantity":224.5,"brew_quantity_type":"GR","note":"","rating":4,"coffee_type":"","coffee_concentration":"","coffee_first_drip_time":0,"coffee_blooming_time":45,"attachments":[],"config":{"uuid":"18058065-fdbe-47b1-8f74-2b10ade84458","unix_timestamp":1717847795},"tds":0,"brew_beverage_quantity":0,"brew_beverage_quantity_type":"GR","brew_time_milliseconds":0,"brew_temperature_time_milliseconds":0,"coffee_first_drip_time_milliseconds":0,"coffee_blooming_time_milliseconds":0,"coordinates":{"accuracy":null,"altitude":null,"altitudeAccuracy":null,"heading":null,"latitude":null,"longitude":null,"speed":null},"cupping":{"body":0,"brightness":0,"clean_cup":0,"complexity":0,"cuppers_correction":0,"dry_fragrance":0,"finish":0,"flavor":0,"sweetness":0,"uniformity":0,"wet_aroma":0,"notes":""},"cupped_flavor":{"predefined_flavors":{},"custom_flavors":[]},"method_of_preparation_tools":["2b297347-6d37-410e-b6eb-556f34758af6"],"bean_weight_in":14.1,"favourite":false,"best_brew":false,"water":"","vessel_name":"Kinto","vessel_weight":190.8,"flow_profile":"brews/18058065-fdbe-47b1-8f74-2b10ade84458_flow_profile.json","reference_flow_profile":{"type":"NONE","uuid":""},"preparationDeviceBrew":{"type":"NONE"},"customInformation":{"visualizer_id":""}},{"grind_size":24,"grind_weight":14,"method_of_preparation":"81557c32-ce0d-41e0-8e7a-ab87fb535d56","mill":"d7a0372e-b1a7-4d90-9497-c9b1194d34f6","mill_speed":0,"mill_timer":0,"pressure_profile":"","bean":"25bf3245-3a34-4667-9038-add3255c4af0","brew_temperature_time":0,"brew_temperature":0,"brew_time":159,"brew_quantity":223.5,"brew_quantity_type":"GR","note":"","rating":0,"coffee_type":"","coffee_concentration":"","coffee_first_drip_time":0,"coffee_blooming_time":45,"attachments":[],"config":{"uuid":"aa122c3c-105c-47e3-852d-0b10e43f9467","unix_timestamp":1717909683},"tds":0,"brew_beverage_quantity":0,"brew_beverage_quantity_type":"GR","brew_time_milliseconds":0,"brew_temperature_time_milliseconds":0,"coffee_first_drip_time_milliseconds":0,"coffee_blooming_time_milliseconds":0,"coordinates":{"accuracy":null,"altitude":null,"altitudeAccuracy":null,"heading":null,"latitude":null,"longitude":null,"speed":null},"cupping":{"body":0,"brightness":0,"clean_cup":0,"complexity":0,"cuppers_correction":0,"dry_fragrance":0,"finish":0,"flavor":0,"sweetness":0,"uniformity":0,"wet_aroma":0,"notes":""},"cupped_flavor":{"predefined_flavors":{},"custom_flavors":[]},"method_of_preparation_tools":["2b297347-6d37-410e-b6eb-556f34758af6"],"bean_weight_in":14.1,"favourite":false,"best_brew":false,"water":"","vessel_name":"Kinto","vessel_weight":190.8,"flow_profile":"brews/aa122c3c-105c-47e3-852d-0b10e43f9467_flow_profile.json","reference_flow_profile":{"type":"NONE","uuid":""},"preparationDeviceBrew":{"type":"NONE"},"customInformation":{"visualizer_id":""}},{"grind_size":24,"grind_weight":14.5,"method_of_preparation":"81557c32-ce0d-41e0-8e7a-ab87fb535d56","mill":"d7a0372e-b1a7-4d90-9497-c9b1194d34f6","mill_speed":0,"mill_timer":0,"pressure_profile":"","bean":"7d1e3c2c-82fa-488c-a005-dd5d0720d5eb","brew_temperature_time":0,"brew_temperature":0,"brew_time":145,"brew_quantity":228.3,"brew_quantity_type":"GR","note":"","rating":4.5,"coffee_type":"","coffee_concentration":"","coffee_first_drip_time":0,"coffee_blooming_time":45,"attachments":[],"config":{"uuid":"455704d5-563d-4ed3-bff8-35796961e9af","unix_timestamp":1717913839},"tds":0,"brew_beverage_quantity":0,"brew_beverage_quantity_type":"GR","brew_time_milliseconds":0,"brew_temperature_time_milliseconds":0,"coffee_first_drip_time_milliseconds":0,"coffee_blooming_time_milliseconds":0,"coordinates":{"accuracy":null,"altitude":null,"altitudeAccuracy":null,"heading":null,"latitude":null,"longitude":null,"speed":null},"cupping":{"body":0,"brightness":0,"clean_cup":0,"complexity":0,"cuppers_correction":0,"dry_fragrance":0,"finish":0,"flavor":0,"sweetness":0,"uniformity":0,"wet_aroma":0,"notes":""},"cupped_flavor":{"predefined_flavors":{},"custom_flavors":[]},"method_of_preparation_tools":["2b297347-6d37-410e-b6eb-556f34758af6"],"bean_weight_in":14.5,"favourite":false,"best_brew":false,"water":"","vessel_name":"Kinto","vessel_weight":190.8,"flow_profile":"brews/455704d5-563d-4ed3-bff8-35796961e9af_flow_profile.json","reference_flow_profile":{"type":"NONE","uuid":""},"preparationDeviceBrew":{"type":"NONE"},"customInformation":{"visualizer_id":""}},{"grind_size":24,"grind_weight":13.9,"method_of_preparation":"81557c32-ce0d-41e0-8e7a-ab87fb535d56","mill":"d7a0372e-b1a7-4d90-9497-c9b1194d34f6","mill_speed":0,"mill_timer":0,"pressure_profile":"","bean":"7d1e3c2c-82fa-488c-a005-dd5d0720d5eb","brew_temperature_time":0,"brew_temperature":0,"brew_time":143,"brew_quantity":209.6,"brew_quantity_type":"GR","note":"","rating":4,"coffee_type":"","coffee_concentration":"","coffee_first_drip_time":0,"coffee_blooming_time":50,"attachments":[],"config":{"uuid":"1e1b33ec-45e3-4fe5-b2d0-dd314cb753aa","unix_timestamp":1717923620},"tds":0,"brew_beverage_quantity":0,"brew_beverage_quantity_type":"GR","brew_time_milliseconds":0,"brew_temperature_time_milliseconds":0,"coffee_first_drip_time_milliseconds":0,"coffee_blooming_time_milliseconds":0,"coordinates":{"accuracy":null,"altitude":null,"altitudeAccuracy":null,"heading":null,"latitude":null,"longitude":null,"speed":null},"cupping":{"body":0,"brightness":0,"clean_cup":0,"complexity":0,"cuppers_correction":0,"dry_fragrance":0,"finish":0,"flavor":0,"sweetness":0,"uniformity":0,"wet_aroma":0,"notes":""},"cupped_flavor":{"predefined_flavors":{},"custom_flavors":[]},"method_of_preparation_tools":["2b297347-6d37-410e-b6eb-556f34758af6"],"bean_weight_in":14,"favourite":false,"best_brew":false,"water":"","vessel_name":"Kinto","vessel_weight":190.8,"flow_profile":"brews/1e1b33ec-45e3-4fe5-b2d0-dd314cb753aa_flow_profile.json","reference_flow_profile":{"type":"NONE","uuid":""},"preparationDeviceBrew":{"type":"NONE"},"customInformation":{"visualizer_id":""}},{"grind_size":24,"grind_weight":15,"method_of_preparation":"81557c32-ce0d-41e0-8e7a-ab87fb535d56","mill":"d7a0372e-b1a7-4d90-9497-c9b1194d34f6","mill_speed":0,"mill_timer":0,"pressure_profile":"","bean":"25bf3245-3a34-4667-9038-add3255c4af0","brew_temperature_time":0,"brew_temperature":0,"brew_time":181,"brew_quantity":236.7,"brew_quantity_type":"GR","note":"","rating":0,"coffee_type":"","coffee_concentration":"","coffee_first_drip_time":0,"coffee_blooming_time":45,"attachments":[],"config":{"uuid":"86af6f88-680b-4ca7-95c9-f9fafcd2f6a6","unix_timestamp":1717995442},"tds":0,"brew_beverage_quantity":0,"brew_beverage_quantity_type":"GR","brew_time_milliseconds":0,"brew_temperature_time_milliseconds":0,"coffee_first_drip_time_milliseconds":0,"coffee_blooming_time_milliseconds":0,"coordinates":{"accuracy":null,"altitude":null,"altitudeAccuracy":null,"heading":null,"latitude":null,"longitude":null,"speed":null},"cupping":{"body":0,"brightness":0,"clean_cup":0,"complexity":0,"cuppers_correction":0,"dry_fragrance":0,"finish":0,"flavor":0,"sweetness":0,"uniformity":0,"wet_aroma":0,"notes":""},"cupped_flavor":{"predefined_flavors":{},"custom_flavors":[]},"method_of_preparation_tools":["2b297347-6d37-410e-b6eb-556f34758af6"],"bean_weight_in":15,"favourite":false,"best_brew":false,"water":"","vessel_name":"Kinto","vessel_weight":190.8,"flow_profile":"brews/86af6f88-680b-4ca7-95c9-f9fafcd2f6a6_flow_profile.json","reference_flow_profile":{"type":"NONE","uuid":""},"preparationDeviceBrew":{"type":"NONE"},"customInformation":{"visualizer_id":""}},{"grind_size":24,"grind_weight":15,"method_of_preparation":"81557c32-ce0d-41e0-8e7a-ab87fb535d56","mill":"d7a0372e-b1a7-4d90-9497-c9b1194d34f6","mill_speed":0,"mill_timer":0,"pressure_profile":"","bean":"7d1e3c2c-82fa-488c-a005-dd5d0720d5eb","brew_temperature_time":0,"brew_temperature":0,"brew_time":174,"brew_quantity":249.7,"brew_quantity_type":"GR","note":"","rating":4,"coffee_type":"","coffee_concentration":"","coffee_first_drip_time":0,"coffee_blooming_time":48,"attachments":[],"config":{"uuid":"899de15f-a05b-44c9-b13e-aac574ad27eb","unix_timestamp":1717998609},"tds":0,"brew_beverage_quantity":0,"brew_beverage_quantity_type":"GR","brew_time_milliseconds":0,"brew_temperature_time_milliseconds":0,"coffee_first_drip_time_milliseconds":0,"coffee_blooming_time_milliseconds":0,"coordinates":{"accuracy":null,"altitude":null,"altitudeAccuracy":null,"heading":null,"latitude":null,"longitude":null,"speed":null},"cupping":{"body":0,"brightness":0,"clean_cup":0,"complexity":0,"cuppers_correction":0,"dry_fragrance":0,"finish":0,"flavor":0,"sweetness":0,"uniformity":0,"wet_aroma":0,"notes":""},"cupped_flavor":{"predefined_flavors":{},"custom_flavors":[]},"method_of_preparation_tools":["2b297347-6d37-410e-b6eb-556f34758af6"],"bean_weight_in":15.1,"favourite":false,"best_brew":false,"water":"","vessel_name":"Kinto","vessel_weight":190.8,"flow_profile":"brews/899de15f-a05b-44c9-b13e-aac574ad27eb_flow_profile.json","reference_flow_profile":{"type":"NONE","uuid":""},"preparationDeviceBrew":{"type":"NONE"},"customInformation":{"visualizer_id":""}},{"grind_size":18,"grind_weight":15,"method_of_preparation":"e7797479-930a-4624-a076-a06edfb96f75","mill":"d7a0372e-b1a7-4d90-9497-c9b1194d34f6","mill_speed":0,"mill_timer":0,"pressure_profile":"","bean":"7d1e3c2c-82fa-488c-a005-dd5d0720d5eb","brew_temperature_time":0,"brew_temperature":0,"brew_time":174,"brew_quantity":249.7,"brew_quantity_type":"GR","note":"","rating":3.5,"coffee_type":"","coffee_concentration":"","coffee_first_drip_time":0,"coffee_blooming_time":48,"attachments":[],"config":{"uuid":"7458e831-5675-4f5b-833e-c34659cc7b90","unix_timestamp":1718005212},"tds":0,"brew_beverage_quantity":0,"brew_beverage_quantity_type":"GR","brew_time_milliseconds":0,"brew_temperature_time_milliseconds":0,"coffee_first_drip_time_milliseconds":0,"coffee_blooming_time_milliseconds":0,"coordinates":{"accuracy":null,"altitude":null,"altitudeAccuracy":null,"heading":null,"latitude":null,"longitude":null,"speed":null},"cupping":{"body":0,"brightness":0,"clean_cup":0,"complexity":0,"cuppers_correction":0,"dry_fragrance":0,"finish":0,"flavor":0,"sweetness":0,"uniformity":0,"wet_aroma":0,"notes":""},"cupped_flavor":{"predefined_flavors":{},"custom_flavors":[]},"method_of_preparation_tools":[],"bean_weight_in":15.1,"favourite":false,"best_brew":false,"water":"","vessel_name":"Kinto","vessel_weight":190.8,"flow_profile":"","reference_flow_profile":{"type":"NONE","uuid":""},"preparationDeviceBrew":{"type":"NONE"},"customInformation":{"visualizer_id":""}},{"grind_size":24,"grind_weight":15.1,"method_of_preparation":"81557c32-ce0d-41e0-8e7a-ab87fb535d56","mill":"d7a0372e-b1a7-4d90-9497-c9b1194d34f6","mill_speed":0,"mill_timer":0,"pressure_profile":"","bean":"25bf3245-3a34-4667-9038-add3255c4af0","brew_temperature_time":0,"brew_temperature":0,"brew_time":176,"brew_quantity":233.8,"brew_quantity_type":"GR","note":"","rating":3.5,"coffee_type":"","coffee_concentration":"","coffee_first_drip_time":0,"coffee_blooming_time":48,"attachments":[],"config":{"uuid":"2f982f44-d058-414c-ad74-c2bbf4a75b32","unix_timestamp":1718078318},"tds":0,"brew_beverage_quantity":0,"brew_beverage_quantity_type":"GR","brew_time_milliseconds":0,"brew_temperature_time_milliseconds":0,"coffee_first_drip_time_milliseconds":0,"coffee_blooming_time_milliseconds":0,"coordinates":{"accuracy":null,"altitude":null,"altitudeAccuracy":null,"heading":null,"latitude":null,"longitude":null,"speed":null},"cupping":{"body":0,"brightness":0,"clean_cup":0,"complexity":0,"cuppers_correction":0,"dry_fragrance":0,"finish":0,"flavor":0,"sweetness":0,"uniformity":0,"wet_aroma":0,"notes":""},"cupped_flavor":{"predefined_flavors":{},"custom_flavors":[]},"method_of_preparation_tools":["2b297347-6d37-410e-b6eb-556f34758af6"],"bean_weight_in":15,"favourite":false,"best_brew":false,"water":"","vessel_name":"Kinto","vessel_weight":190.8,"flow_profile":"brews/2f982f44-d058-414c-ad74-c2bbf4a75b32_flow_profile.json","reference_flow_profile":{"type":"NONE","uuid":""},"preparationDeviceBrew":{"type":"NONE"},"customInformation":{"visualizer_id":""}},{"grind_size":24,"grind_weight":14.8,"method_of_preparation":"81557c32-ce0d-41e0-8e7a-ab87fb535d56","mill":"d7a0372e-b1a7-4d90-9497-c9b1194d34f6","mill_speed":0,"mill_timer":0,"pressure_profile":"","bean":"25bf3245-3a34-4667-9038-add3255c4af0","brew_temperature_time":0,"brew_temperature":0,"brew_time":176,"brew_quantity":237.4,"brew_quantity_type":"GR","note":"","rating":0,"coffee_type":"","coffee_concentration":"","coffee_first_drip_time":0,"coffee_blooming_time":44,"attachments":[],"config":{"uuid":"b87ae0f4-d010-4d6a-b214-50d4e222a6d3","unix_timestamp":1718080669},"tds":0,"brew_beverage_quantity":0,"brew_beverage_quantity_type":"GR","brew_time_milliseconds":0,"brew_temperature_time_milliseconds":0,"coffee_first_drip_time_milliseconds":0,"coffee_blooming_time_milliseconds":0,"coordinates":{"accuracy":null,"altitude":null,"altitudeAccuracy":null,"heading":null,"latitude":null,"longitude":null,"speed":null},"cupping":{"body":0,"brightness":0,"clean_cup":0,"complexity":0,"cuppers_correction":0,"dry_fragrance":0,"finish":0,"flavor":0,"sweetness":0,"uniformity":0,"wet_aroma":0,"notes":""},"cupped_flavor":{"predefined_flavors":{},"custom_flavors":[]},"method_of_preparation_tools":["2b297347-6d37-410e-b6eb-556f34758af6"],"bean_weight_in":15,"favourite":false,"best_brew":false,"water":"","vessel_name":"Kinto","vessel_weight":190.8,"flow_profile":"brews/b87ae0f4-d010-4d6a-b214-50d4e222a6d3_flow_profile.json","reference_flow_profile":{"type":"NONE","uuid":""},"preparationDeviceBrew":{"type":"NONE"},"customInformation":{"visualizer_id":""}},{"grind_size":24,"grind_weight":15,"method_of_preparation":"81557c32-ce0d-41e0-8e7a-ab87fb535d56","mill":"d7a0372e-b1a7-4d90-9497-c9b1194d34f6","mill_speed":0,"mill_timer":0,"pressure_profile":"","bean":"7d1e3c2c-82fa-488c-a005-dd5d0720d5eb","brew_temperature_time":0,"brew_temperature":0,"brew_time":167,"brew_quantity":248.4,"brew_quantity_type":"GR","note":"","rating":0,"coffee_type":"","coffee_concentration":"","coffee_first_drip_time":0,"coffee_blooming_time":49,"attachments":[],"config":{"uuid":"323976fd-0c6d-4b1d-8589-cf69382421ce","unix_timestamp":1718085626},"tds":0,"brew_beverage_quantity":0,"brew_beverage_quantity_type":"GR","brew_time_milliseconds":0,"brew_temperature_time_milliseconds":0,"coffee_first_drip_time_milliseconds":0,"coffee_blooming_time_milliseconds":0,"coordinates":{"accuracy":null,"altitude":null,"altitudeAccuracy":null,"heading":null,"latitude":null,"longitude":null,"speed":null},"cupping":{"body":0,"brightness":0,"clean_cup":0,"complexity":0,"cuppers_correction":0,"dry_fragrance":0,"finish":0,"flavor":0,"sweetness":0,"uniformity":0,"wet_aroma":0,"notes":""},"cupped_flavor":{"predefined_flavors":{},"custom_flavors":[]},"method_of_preparation_tools":["2b297347-6d37-410e-b6eb-556f34758af6"],"bean_weight_in":15,"favourite":false,"best_brew":false,"water":"","vessel_name":"Kinto","vessel_weight":190.8,"flow_profile":"brews/323976fd-0c6d-4b1d-8589-cf69382421ce_flow_profile.json","reference_flow_profile":{"type":"NONE","uuid":""},"preparationDeviceBrew":{"type":"NONE"},"customInformation":{"visualizer_id":""}},{"grind_size":24,"grind_weight":14.9,"method_of_preparation":"81557c32-ce0d-41e0-8e7a-ab87fb535d56","mill":"d7a0372e-b1a7-4d90-9497-c9b1194d34f6","mill_speed":0,"mill_timer":0,"pressure_profile":"","bean":"7d1e3c2c-82fa-488c-a005-dd5d0720d5eb","brew_temperature_time":0,"brew_temperature":0,"brew_time":160,"brew_quantity":102.2,"brew_quantity_type":"GR","note":"","rating":0,"coffee_type":"","coffee_concentration":"","coffee_first_drip_time":0,"coffee_blooming_time":50,"attachments":[],"config":{"uuid":"08db8463-3e11-4f0c-af99-f5d1bba2a518","unix_timestamp":1718170389},"tds":0,"brew_beverage_quantity":0,"brew_beverage_quantity_type":"GR","brew_time_milliseconds":0,"brew_temperature_time_milliseconds":0,"coffee_first_drip_time_milliseconds":0,"coffee_blooming_time_milliseconds":0,"coordinates":{"accuracy":null,"altitude":null,"altitudeAccuracy":null,"heading":null,"latitude":null,"longitude":null,"speed":null},"cupping":{"body":0,"brightness":0,"clean_cup":0,"complexity":0,"cuppers_correction":0,"dry_fragrance":0,"finish":0,"flavor":0,"sweetness":0,"uniformity":0,"wet_aroma":0,"notes":""},"cupped_flavor":{"predefined_flavors":{},"custom_flavors":[]},"method_of_preparation_tools":["2b297347-6d37-410e-b6eb-556f34758af6"],"bean_weight_in":15.1,"favourite":false,"best_brew":false,"water":"","vessel_name":"Kinto","vessel_weight":190.8,"flow_profile":"brews/08db8463-3e11-4f0c-af99-f5d1bba2a518_flow_profile.json","reference_flow_profile":{"type":"NONE","uuid":""},"preparationDeviceBrew":{"type":"NONE"},"customInformation":{"visualizer_id":""}},{"grind_size":24,"grind_weight":15,"method_of_preparation":"81557c32-ce0d-41e0-8e7a-ab87fb535d56","mill":"d7a0372e-b1a7-4d90-9497-c9b1194d34f6","mill_speed":0,"mill_timer":0,"pressure_profile":"","bean":"25bf3245-3a34-4667-9038-add3255c4af0","brew_temperature_time":0,"brew_temperature":0,"brew_time":169,"brew_quantity":238.9,"brew_quantity_type":"GR","note":"","rating":0,"coffee_type":"","coffee_concentration":"","coffee_first_drip_time":0,"coffee_blooming_time":49,"attachments":[],"config":{"uuid":"1e3c09a3-7443-4700-8661-04662325a699","unix_timestamp":1718172800},"tds":0,"brew_beverage_quantity":0,"brew_beverage_quantity_type":"GR","brew_time_milliseconds":0,"brew_temperature_time_milliseconds":0,"coffee_first_drip_time_milliseconds":0,"coffee_blooming_time_milliseconds":0,"coordinates":{"accuracy":null,"altitude":null,"altitudeAccuracy":null,"heading":null,"latitude":null,"longitude":null,"speed":null},"cupping":{"body":0,"brightness":0,"clean_cup":0,"complexity":0,"cuppers_correction":0,"dry_fragrance":0,"finish":0,"flavor":0,"sweetness":0,"uniformity":0,"wet_aroma":0,"notes":""},"cupped_flavor":{"predefined_flavors":{},"custom_flavors":[]},"method_of_preparation_tools":["2b297347-6d37-410e-b6eb-556f34758af6"],"bean_weight_in":15,"favourite":false,"best_brew":false,"water":"","vessel_name":"Kinto","vessel_weight":190.8,"flow_profile":"brews/1e3c09a3-7443-4700-8661-04662325a699_flow_profile.json","reference_flow_profile":{"type":"NONE","uuid":""},"preparationDeviceBrew":{"type":"NONE"},"customInformation":{"visualizer_id":""}},{"grind_size":24,"grind_weight":17.9,"method_of_preparation":"81557c32-ce0d-41e0-8e7a-ab87fb535d56","mill":"d7a0372e-b1a7-4d90-9497-c9b1194d34f6","mill_speed":0,"mill_timer":0,"pressure_profile":"","bean":"7d1e3c2c-82fa-488c-a005-dd5d0720d5eb","brew_temperature_time":0,"brew_temperature":0,"brew_time":168,"brew_quantity":293.7,"brew_quantity_type":"GR","note":"","rating":4,"coffee_type":"","coffee_concentration":"","coffee_first_drip_time":0,"coffee_blooming_time":45,"attachments":[],"config":{"uuid":"e7cceb93-fb8a-4f70-a66f-4ab62b5b2864","unix_timestamp":1718252690},"tds":0,"brew_beverage_quantity":0,"brew_beverage_quantity_type":"GR","brew_time_milliseconds":0,"brew_temperature_time_milliseconds":0,"coffee_first_drip_time_milliseconds":0,"coffee_blooming_time_milliseconds":0,"coordinates":{"accuracy":null,"altitude":null,"altitudeAccuracy":null,"heading":null,"latitude":null,"longitude":null,"speed":null},"cupping":{"body":0,"brightness":0,"clean_cup":0,"complexity":0,"cuppers_correction":0,"dry_fragrance":0,"finish":0,"flavor":0,"sweetness":0,"uniformity":0,"wet_aroma":0,"notes":""},"cupped_flavor":{"predefined_flavors":{},"custom_flavors":[]},"method_of_preparation_tools":["2b297347-6d37-410e-b6eb-556f34758af6"],"bean_weight_in":18.1,"favourite":false,"best_brew":false,"water":"","vessel_name":"Kinto","vessel_weight":190.8,"flow_profile":"brews/e7cceb93-fb8a-4f70-a66f-4ab62b5b2864_flow_profile.json","reference_flow_profile":{"type":"NONE","uuid":""},"preparationDeviceBrew":{"type":"NONE"},"customInformation":{"visualizer_id":""}},{"grind_size":24,"grind_weight":15,"method_of_preparation":"81557c32-ce0d-41e0-8e7a-ab87fb535d56","mill":"d7a0372e-b1a7-4d90-9497-c9b1194d34f6","mill_speed":0,"mill_timer":0,"pressure_profile":"","bean":"7d1e3c2c-82fa-488c-a005-dd5d0720d5eb","brew_temperature_time":0,"brew_temperature":0,"brew_time":151,"brew_quantity":243.9,"brew_quantity_type":"GR","note":"","rating":4,"coffee_type":"","coffee_concentration":"","coffee_first_drip_time":0,"coffee_blooming_time":45,"attachments":[],"config":{"uuid":"0e1ed261-f5c6-4768-8932-111c5cd24806","unix_timestamp":1718257832},"tds":0,"brew_beverage_quantity":0,"brew_beverage_quantity_type":"GR","brew_time_milliseconds":0,"brew_temperature_time_milliseconds":0,"coffee_first_drip_time_milliseconds":0,"coffee_blooming_time_milliseconds":0,"coordinates":{"accuracy":null,"altitude":null,"altitudeAccuracy":null,"heading":null,"latitude":null,"longitude":null,"speed":null},"cupping":{"body":0,"brightness":0,"clean_cup":0,"complexity":0,"cuppers_correction":0,"dry_fragrance":0,"finish":0,"flavor":0,"sweetness":0,"uniformity":0,"wet_aroma":0,"notes":""},"cupped_flavor":{"predefined_flavors":{},"custom_flavors":[]},"method_of_preparation_tools":["2b297347-6d37-410e-b6eb-556f34758af6"],"bean_weight_in":15,"favourite":false,"best_brew":false,"water":"","vessel_name":"Kinto","vessel_weight":190.8,"flow_profile":"brews/0e1ed261-f5c6-4768-8932-111c5cd24806_flow_profile.json","reference_flow_profile":{"type":"NONE","uuid":""},"preparationDeviceBrew":{"type":"NONE"},"customInformation":{"visualizer_id":""}},{"grind_size":18,"grind_weight":0,"method_of_preparation":"e7797479-930a-4624-a076-a06edfb96f75","mill":"d7a0372e-b1a7-4d90-9497-c9b1194d34f6","mill_speed":0,"mill_timer":0,"pressure_profile":"","bean":"25bf3245-3a34-4667-9038-add3255c4af0","brew_temperature_time":0,"brew_temperature":0,"brew_time":153,"brew_quantity":243.9,"brew_quantity_type":"GR","note":"","rating":3,"coffee_type":"","coffee_concentration":"","coffee_first_drip_time":0,"coffee_blooming_time":45,"attachments":[],"config":{"uuid":"608a7d3d-18a4-435e-8bb7-abcf3a0998eb","unix_timestamp":1718268009},"tds":0,"brew_beverage_quantity":0,"brew_beverage_quantity_type":"GR","brew_time_milliseconds":0,"brew_temperature_time_milliseconds":0,"coffee_first_drip_time_milliseconds":0,"coffee_blooming_time_milliseconds":0,"coordinates":{"accuracy":null,"altitude":null,"altitudeAccuracy":null,"heading":null,"latitude":null,"longitude":null,"speed":null},"cupping":{"body":0,"brightness":0,"clean_cup":0,"complexity":0,"cuppers_correction":0,"dry_fragrance":0,"finish":0,"flavor":0,"sweetness":0,"uniformity":0,"wet_aroma":0,"notes":""},"cupped_flavor":{"predefined_flavors":{},"custom_flavors":[]},"method_of_preparation_tools":[],"bean_weight_in":16,"favourite":false,"best_brew":false,"water":"","vessel_name":"Kinto","vessel_weight":190.8,"flow_profile":"","reference_flow_profile":{"type":"NONE","uuid":""},"preparationDeviceBrew":{"type":"NONE"},"customInformation":{"visualizer_id":""}},{"grind_size":24,"grind_weight":17.9,"method_of_preparation":"81557c32-ce0d-41e0-8e7a-ab87fb535d56","mill":"d7a0372e-b1a7-4d90-9497-c9b1194d34f6","mill_speed":0,"mill_timer":0,"pressure_profile":"","bean":"25bf3245-3a34-4667-9038-add3255c4af0","brew_temperature_time":0,"brew_temperature":0,"brew_time":195,"brew_quantity":283.1,"brew_quantity_type":"GR","note":"","rating":4,"coffee_type":"","coffee_concentration":"","coffee_first_drip_time":0,"coffee_blooming_time":45,"attachments":[],"config":{"uuid":"1eaac617-7c06-41b6-a11b-76baebaf08e3","unix_timestamp":1718339008},"tds":0,"brew_beverage_quantity":0,"brew_beverage_quantity_type":"GR","brew_time_milliseconds":0,"brew_temperature_time_milliseconds":0,"coffee_first_drip_time_milliseconds":0,"coffee_blooming_time_milliseconds":0,"coordinates":{"accuracy":null,"altitude":null,"altitudeAccuracy":null,"heading":null,"latitude":null,"longitude":null,"speed":null},"cupping":{"body":0,"brightness":0,"clean_cup":0,"complexity":0,"cuppers_correction":0,"dry_fragrance":0,"finish":0,"flavor":0,"sweetness":0,"uniformity":0,"wet_aroma":0,"notes":""},"cupped_flavor":{"predefined_flavors":{},"custom_flavors":[]},"method_of_preparation_tools":["2b297347-6d37-410e-b6eb-556f34758af6"],"bean_weight_in":18.1,"favourite":false,"best_brew":false,"water":"","vessel_name":"Kinto","vessel_weight":190.8,"flow_profile":"brews/1eaac617-7c06-41b6-a11b-76baebaf08e3_flow_profile.json","reference_flow_profile":{"type":"NONE","uuid":""},"preparationDeviceBrew":{"type":"NONE"},"customInformation":{"visualizer_id":""}},{"grind_size":24,"grind_weight":18,"method_of_preparation":"81557c32-ce0d-41e0-8e7a-ab87fb535d56","mill":"d7a0372e-b1a7-4d90-9497-c9b1194d34f6","mill_speed":0,"mill_timer":0,"pressure_profile":"","bean":"7d1e3c2c-82fa-488c-a005-dd5d0720d5eb","brew_temperature_time":0,"brew_temperature":0,"brew_time":162,"brew_quantity":271.4,"brew_quantity_type":"GR","note":"","rating":0,"coffee_type":"","coffee_concentration":"","coffee_first_drip_time":0,"coffee_blooming_time":47,"attachments":[],"config":{"uuid":"5837ac88-cad3-4588-81c3-976da04843fb","unix_timestamp":1718342110},"tds":0,"brew_beverage_quantity":0,"brew_beverage_quantity_type":"GR","brew_time_milliseconds":0,"brew_temperature_time_milliseconds":0,"coffee_first_drip_time_milliseconds":0,"coffee_blooming_time_milliseconds":0,"coordinates":{"accuracy":null,"altitude":null,"altitudeAccuracy":null,"heading":null,"latitude":null,"longitude":null,"speed":null},"cupping":{"body":0,"brightness":0,"clean_cup":0,"complexity":0,"cuppers_correction":0,"dry_fragrance":0,"finish":0,"flavor":0,"sweetness":0,"uniformity":0,"wet_aroma":0,"notes":""},"cupped_flavor":{"predefined_flavors":{},"custom_flavors":[]},"method_of_preparation_tools":["2b297347-6d37-410e-b6eb-556f34758af6"],"bean_weight_in":18.1,"favourite":false,"best_brew":false,"water":"","vessel_name":"Kinto","vessel_weight":190.8,"flow_profile":"brews/5837ac88-cad3-4588-81c3-976da04843fb_flow_profile.json","reference_flow_profile":{"type":"NONE","uuid":""},"preparationDeviceBrew":{"type":"NONE"},"customInformation":{"visualizer_id":""}},{"grind_size":24,"grind_weight":18,"method_of_preparation":"81557c32-ce0d-41e0-8e7a-ab87fb535d56","mill":"d7a0372e-b1a7-4d90-9497-c9b1194d34f6","mill_speed":0,"mill_timer":0,"pressure_profile":"","bean":"25bf3245-3a34-4667-9038-add3255c4af0","brew_temperature_time":0,"brew_temperature":0,"brew_time":188,"brew_quantity":282.2,"brew_quantity_type":"GR","note":"","rating":0,"coffee_type":"","coffee_concentration":"","coffee_first_drip_time":0,"coffee_blooming_time":44,"attachments":[],"config":{"uuid":"6bc759a8-a881-4f6c-b13b-90c62f3a94ee","unix_timestamp":1718427058},"tds":0,"brew_beverage_quantity":0,"brew_beverage_quantity_type":"GR","brew_time_milliseconds":0,"brew_temperature_time_milliseconds":0,"coffee_first_drip_time_milliseconds":0,"coffee_blooming_time_milliseconds":0,"coordinates":{"accuracy":null,"altitude":null,"altitudeAccuracy":null,"heading":null,"latitude":null,"longitude":null,"speed":null},"cupping":{"body":0,"brightness":0,"clean_cup":0,"complexity":0,"cuppers_correction":0,"dry_fragrance":0,"finish":0,"flavor":0,"sweetness":0,"uniformity":0,"wet_aroma":0,"notes":""},"cupped_flavor":{"predefined_flavors":{},"custom_flavors":[]},"method_of_preparation_tools":["2b297347-6d37-410e-b6eb-556f34758af6"],"bean_weight_in":18,"favourite":false,"best_brew":false,"water":"","vessel_name":"Kinto","vessel_weight":190.8,"flow_profile":"brews/6bc759a8-a881-4f6c-b13b-90c62f3a94ee_flow_profile.json","reference_flow_profile":{"type":"NONE","uuid":""},"preparationDeviceBrew":{"type":"NONE"},"customInformation":{"visualizer_id":""}},{"grind_size":24,"grind_weight":18,"method_of_preparation":"81557c32-ce0d-41e0-8e7a-ab87fb535d56","mill":"d7a0372e-b1a7-4d90-9497-c9b1194d34f6","mill_speed":0,"mill_timer":0,"pressure_profile":"","bean":"7d1e3c2c-82fa-488c-a005-dd5d0720d5eb","brew_temperature_time":0,"brew_temperature":0,"brew_time":169,"brew_quantity":303.2,"brew_quantity_type":"GR","note":"","rating":0,"coffee_type":"","coffee_concentration":"","coffee_first_drip_time":0,"coffee_blooming_time":45,"attachments":[],"config":{"uuid":"dbc5ba0c-8e83-4793-b7b7-984b71095c4c","unix_timestamp":1718432275},"tds":0,"brew_beverage_quantity":0,"brew_beverage_quantity_type":"GR","brew_time_milliseconds":0,"brew_temperature_time_milliseconds":0,"coffee_first_drip_time_milliseconds":0,"coffee_blooming_time_milliseconds":0,"coordinates":{"accuracy":null,"altitude":null,"altitudeAccuracy":null,"heading":null,"latitude":null,"longitude":null,"speed":null},"cupping":{"body":0,"brightness":0,"clean_cup":0,"complexity":0,"cuppers_correction":0,"dry_fragrance":0,"finish":0,"flavor":0,"sweetness":0,"uniformity":0,"wet_aroma":0,"notes":""},"cupped_flavor":{"predefined_flavors":{},"custom_flavors":[]},"method_of_preparation_tools":["2b297347-6d37-410e-b6eb-556f34758af6"],"bean_weight_in":18.1,"favourite":false,"best_brew":false,"water":"","vessel_name":"Kinto","vessel_weight":190.8,"flow_profile":"brews/dbc5ba0c-8e83-4793-b7b7-984b71095c4c_flow_profile.json","reference_flow_profile":{"type":"NONE","uuid":""},"preparationDeviceBrew":{"type":"NONE"},"customInformation":{"visualizer_id":""}},{"grind_size":24,"grind_weight":15.2,"method_of_preparation":"81557c32-ce0d-41e0-8e7a-ab87fb535d56","mill":"d7a0372e-b1a7-4d90-9497-c9b1194d34f6","mill_speed":0,"mill_timer":0,"pressure_profile":"","bean":"25bf3245-3a34-4667-9038-add3255c4af0","brew_temperature_time":0,"brew_temperature":0,"brew_time":168,"brew_quantity":255.9,"brew_quantity_type":"GR","note":"","rating":0,"coffee_type":"","coffee_concentration":"","coffee_first_drip_time":0,"coffee_blooming_time":44,"attachments":[],"config":{"uuid":"d2f8f97d-72b6-4c33-9e5d-852f82a1f790","unix_timestamp":1718455544},"tds":0,"brew_beverage_quantity":0,"brew_beverage_quantity_type":"GR","brew_time_milliseconds":0,"brew_temperature_time_milliseconds":0,"coffee_first_drip_time_milliseconds":0,"coffee_blooming_time_milliseconds":0,"coordinates":{"accuracy":null,"altitude":null,"altitudeAccuracy":null,"heading":null,"latitude":null,"longitude":null,"speed":null},"cupping":{"body":0,"brightness":0,"clean_cup":0,"complexity":0,"cuppers_correction":0,"dry_fragrance":0,"finish":0,"flavor":0,"sweetness":0,"uniformity":0,"wet_aroma":0,"notes":""},"cupped_flavor":{"predefined_flavors":{},"custom_flavors":[]},"method_of_preparation_tools":["2b297347-6d37-410e-b6eb-556f34758af6"],"bean_weight_in":15.3,"favourite":false,"best_brew":false,"water":"","vessel_name":"Kinto","vessel_weight":190.8,"flow_profile":"brews/d2f8f97d-72b6-4c33-9e5d-852f82a1f790_flow_profile.json","reference_flow_profile":{"type":"NONE","uuid":""},"preparationDeviceBrew":{"type":"NONE"},"customInformation":{"visualizer_id":""}},{"grind_size":24,"grind_weight":17.9,"method_of_preparation":"81557c32-ce0d-41e0-8e7a-ab87fb535d56","mill":"d7a0372e-b1a7-4d90-9497-c9b1194d34f6","mill_speed":0,"mill_timer":0,"pressure_profile":"","bean":"7d1e3c2c-82fa-488c-a005-dd5d0720d5eb","brew_temperature_time":0,"brew_temperature":0,"brew_time":157,"brew_quantity":286.6,"brew_quantity_type":"GR","note":"","rating":0,"coffee_type":"","coffee_concentration":"","coffee_first_drip_time":0,"coffee_blooming_time":45,"attachments":[],"config":{"uuid":"f26704c8-d2e0-4d03-949f-da12387d248e","unix_timestamp":1718513925},"tds":0,"brew_beverage_quantity":0,"brew_beverage_quantity_type":"GR","brew_time_milliseconds":0,"brew_temperature_time_milliseconds":0,"coffee_first_drip_time_milliseconds":0,"coffee_blooming_time_milliseconds":0,"coordinates":{"accuracy":null,"altitude":null,"altitudeAccuracy":null,"heading":null,"latitude":null,"longitude":null,"speed":null},"cupping":{"body":0,"brightness":0,"clean_cup":0,"complexity":0,"cuppers_correction":0,"dry_fragrance":0,"finish":0,"flavor":0,"sweetness":0,"uniformity":0,"wet_aroma":0,"notes":""},"cupped_flavor":{"predefined_flavors":{},"custom_flavors":[]},"method_of_preparation_tools":["2b297347-6d37-410e-b6eb-556f34758af6"],"bean_weight_in":18,"favourite":false,"best_brew":false,"water":"","vessel_name":"Kinto","vessel_weight":190.8,"flow_profile":"brews/f26704c8-d2e0-4d03-949f-da12387d248e_flow_profile.json","reference_flow_profile":{"type":"NONE","uuid":""},"preparationDeviceBrew":{"type":"NONE"},"customInformation":{"visualizer_id":""}},{"grind_size":17,"grind_weight":0,"method_of_preparation":"e7797479-930a-4624-a076-a06edfb96f75","mill":"d7a0372e-b1a7-4d90-9497-c9b1194d34f6","mill_speed":0,"mill_timer":0,"pressure_profile":"","bean":"25bf3245-3a34-4667-9038-add3255c4af0","brew_temperature_time":0,"brew_temperature":0,"brew_time":157,"brew_quantity":286.6,"brew_quantity_type":"GR","note":"","rating":0,"coffee_type":"","coffee_concentration":"","coffee_first_drip_time":0,"coffee_blooming_time":45,"attachments":[],"config":{"uuid":"c0ee1151-f615-4bec-92f8-b6f78c99e080","unix_timestamp":1718525134},"tds":0,"brew_beverage_quantity":0,"brew_beverage_quantity_type":"GR","brew_time_milliseconds":0,"brew_temperature_time_milliseconds":0,"coffee_first_drip_time_milliseconds":0,"coffee_blooming_time_milliseconds":0,"coordinates":{"accuracy":null,"altitude":null,"altitudeAccuracy":null,"heading":null,"latitude":null,"longitude":null,"speed":null},"cupping":{"body":0,"brightness":0,"clean_cup":0,"complexity":0,"cuppers_correction":0,"dry_fragrance":0,"finish":0,"flavor":0,"sweetness":0,"uniformity":0,"wet_aroma":0,"notes":""},"cupped_flavor":{"predefined_flavors":{},"custom_flavors":[]},"method_of_preparation_tools":[],"bean_weight_in":16,"favourite":false,"best_brew":false,"water":"","vessel_name":"Kinto","vessel_weight":190.8,"flow_profile":"","reference_flow_profile":{"type":"NONE","uuid":""},"preparationDeviceBrew":{"type":"NONE"},"customInformation":{"visualizer_id":""}},{"grind_size":17,"grind_weight":0,"method_of_preparation":"e7797479-930a-4624-a076-a06edfb96f75","mill":"d7a0372e-b1a7-4d90-9497-c9b1194d34f6","mill_speed":0,"mill_timer":0,"pressure_profile":"","bean":"25bf3245-3a34-4667-9038-add3255c4af0","brew_temperature_time":0,"brew_temperature":0,"brew_time":157,"brew_quantity":286.6,"brew_quantity_type":"GR","note":"","rating":0,"coffee_type":"","coffee_concentration":"","coffee_first_drip_time":0,"coffee_blooming_time":0,"attachments":[],"config":{"uuid":"deec78d6-30c4-4656-92d0-9363ece14b3f","unix_timestamp":1718525437},"tds":0,"brew_beverage_quantity":0,"brew_beverage_quantity_type":"GR","brew_time_milliseconds":0,"brew_temperature_time_milliseconds":0,"coffee_first_drip_time_milliseconds":0,"coffee_blooming_time_milliseconds":0,"coordinates":{"accuracy":null,"altitude":null,"altitudeAccuracy":null,"heading":null,"latitude":null,"longitude":null,"speed":null},"cupping":{"body":0,"brightness":0,"clean_cup":0,"complexity":0,"cuppers_correction":0,"dry_fragrance":0,"finish":0,"flavor":0,"sweetness":0,"uniformity":0,"wet_aroma":0,"notes":""},"cupped_flavor":{"predefined_flavors":{},"custom_flavors":[]},"method_of_preparation_tools":[],"bean_weight_in":16,"favourite":false,"best_brew":false,"water":"","vessel_name":"Kinto","vessel_weight":190.8,"flow_profile":"","reference_flow_profile":{"type":"NONE","uuid":""},"preparationDeviceBrew":{"type":"NONE"},"customInformation":{"visualizer_id":""}},{"grind_size":24,"grind_weight":18.1,"method_of_preparation":"81557c32-ce0d-41e0-8e7a-ab87fb535d56","mill":"d7a0372e-b1a7-4d90-9497-c9b1194d34f6","mill_speed":0,"mill_timer":0,"pressure_profile":"","bean":"7d1e3c2c-82fa-488c-a005-dd5d0720d5eb","brew_temperature_time":0,"brew_temperature":0,"brew_time":159,"brew_quantity":288.8,"brew_quantity_type":"GR","note":"","rating":0,"coffee_type":"","coffee_concentration":"","coffee_first_drip_time":0,"coffee_blooming_time":46,"attachments":[],"config":{"uuid":"43c3f95f-a37a-43ca-85ac-e9d91de46b31","unix_timestamp":1718602280},"tds":0,"brew_beverage_quantity":0,"brew_beverage_quantity_type":"GR","brew_time_milliseconds":0,"brew_temperature_time_milliseconds":0,"coffee_first_drip_time_milliseconds":0,"coffee_blooming_time_milliseconds":0,"coordinates":{"accuracy":null,"altitude":null,"altitudeAccuracy":null,"heading":null,"latitude":null,"longitude":null,"speed":null},"cupping":{"body":0,"brightness":0,"clean_cup":0,"complexity":0,"cuppers_correction":0,"dry_fragrance":0,"finish":0,"flavor":0,"sweetness":0,"uniformity":0,"wet_aroma":0,"notes":""},"cupped_flavor":{"predefined_flavors":{},"custom_flavors":[]},"method_of_preparation_tools":["2b297347-6d37-410e-b6eb-556f34758af6"],"bean_weight_in":18.1,"favourite":false,"best_brew":false,"water":"","vessel_name":"Kinto","vessel_weight":190.8,"flow_profile":"brews/43c3f95f-a37a-43ca-85ac-e9d91de46b31_flow_profile.json","reference_flow_profile":{"type":"NONE","uuid":""},"preparationDeviceBrew":{"type":"NONE"},"customInformation":{"visualizer_id":""}},{"grind_size":24,"grind_weight":18.2,"method_of_preparation":"81557c32-ce0d-41e0-8e7a-ab87fb535d56","mill":"d7a0372e-b1a7-4d90-9497-c9b1194d34f6","mill_speed":0,"mill_timer":0,"pressure_profile":"","bean":"25bf3245-3a34-4667-9038-add3255c4af0","brew_temperature_time":0,"brew_temperature":0,"brew_time":175,"brew_quantity":278.5,"brew_quantity_type":"GR","note":"","rating":0,"coffee_type":"","coffee_concentration":"","coffee_first_drip_time":0,"coffee_blooming_time":45,"attachments":[],"config":{"uuid":"66c96879-7906-4842-af2f-2aa3744ce128","unix_timestamp":1718685787},"tds":0,"brew_beverage_quantity":0,"brew_beverage_quantity_type":"GR","brew_time_milliseconds":0,"brew_temperature_time_milliseconds":0,"coffee_first_drip_time_milliseconds":0,"coffee_blooming_time_milliseconds":0,"coordinates":{"accuracy":null,"altitude":null,"altitudeAccuracy":null,"heading":null,"latitude":null,"longitude":null,"speed":null},"cupping":{"body":0,"brightness":0,"clean_cup":0,"complexity":0,"cuppers_correction":0,"dry_fragrance":0,"finish":0,"flavor":0,"sweetness":0,"uniformity":0,"wet_aroma":0,"notes":""},"cupped_flavor":{"predefined_flavors":{},"custom_flavors":[]},"method_of_preparation_tools":["2b297347-6d37-410e-b6eb-556f34758af6"],"bean_weight_in":18.2,"favourite":false,"best_brew":false,"water":"","vessel_name":"Kinto","vessel_weight":190.8,"flow_profile":"brews/66c96879-7906-4842-af2f-2aa3744ce128_flow_profile.json","reference_flow_profile":{"type":"NONE","uuid":""},"preparationDeviceBrew":{"type":"NONE"},"customInformation":{"visualizer_id":""}},{"grind_size":24,"grind_weight":18.1,"method_of_preparation":"81557c32-ce0d-41e0-8e7a-ab87fb535d56","mill":"d7a0372e-b1a7-4d90-9497-c9b1194d34f6","mill_speed":0,"mill_timer":0,"pressure_profile":"","bean":"25bf3245-3a34-4667-9038-add3255c4af0","brew_temperature_time":0,"brew_temperature":0,"brew_time":180,"brew_quantity":288.5,"brew_quantity_type":"GR","note":"","rating":0,"coffee_type":"","coffee_concentration":"","coffee_first_drip_time":0,"coffee_blooming_time":53,"attachments":[],"config":{"uuid":"00f7d3ab-3023-4503-a1f3-07b91ae7f54e","unix_timestamp":1718692111},"tds":0,"brew_beverage_quantity":0,"brew_beverage_quantity_type":"GR","brew_time_milliseconds":0,"brew_temperature_time_milliseconds":0,"coffee_first_drip_time_milliseconds":0,"coffee_blooming_time_milliseconds":0,"coordinates":{"accuracy":null,"altitude":null,"altitudeAccuracy":null,"heading":null,"latitude":null,"longitude":null,"speed":null},"cupping":{"body":0,"brightness":0,"clean_cup":0,"complexity":0,"cuppers_correction":0,"dry_fragrance":0,"finish":0,"flavor":0,"sweetness":0,"uniformity":0,"wet_aroma":0,"notes":""},"cupped_flavor":{"predefined_flavors":{},"custom_flavors":[]},"method_of_preparation_tools":["2b297347-6d37-410e-b6eb-556f34758af6"],"bean_weight_in":18.1,"favourite":false,"best_brew":false,"water":"","vessel_name":"Kinto","vessel_weight":190.8,"flow_profile":"brews/00f7d3ab-3023-4503-a1f3-07b91ae7f54e_flow_profile.json","reference_flow_profile":{"type":"NONE","uuid":""},"preparationDeviceBrew":{"type":"NONE"},"customInformation":{"visualizer_id":""}},{"grind_size":15,"grind_weight":16.1,"method_of_preparation":"e7797479-930a-4624-a076-a06edfb96f75","mill":"d7a0372e-b1a7-4d90-9497-c9b1194d34f6","mill_speed":0,"mill_timer":0,"pressure_profile":"","bean":"7d1e3c2c-82fa-488c-a005-dd5d0720d5eb","brew_temperature_time":0,"brew_temperature":0,"brew_time":180,"brew_quantity":288.5,"brew_quantity_type":"GR","note":"","rating":0,"coffee_type":"","coffee_concentration":"","coffee_first_drip_time":0,"coffee_blooming_time":53,"attachments":[],"config":{"uuid":"7d30283a-3b1c-4a74-a0e3-f131a44bca12","unix_timestamp":1718699235},"tds":0,"brew_beverage_quantity":0,"brew_beverage_quantity_type":"GR","brew_time_milliseconds":0,"brew_temperature_time_milliseconds":0,"coffee_first_drip_time_milliseconds":0,"coffee_blooming_time_milliseconds":0,"coordinates":{"accuracy":null,"altitude":null,"altitudeAccuracy":null,"heading":null,"latitude":null,"longitude":null,"speed":null},"cupping":{"body":0,"brightness":0,"clean_cup":0,"complexity":0,"cuppers_correction":0,"dry_fragrance":0,"finish":0,"flavor":0,"sweetness":0,"uniformity":0,"wet_aroma":0,"notes":""},"cupped_flavor":{"predefined_flavors":{},"custom_flavors":[]},"method_of_preparation_tools":[],"bean_weight_in":16.1,"favourite":false,"best_brew":false,"water":"","vessel_name":"Kinto","vessel_weight":190.8,"flow_profile":"","reference_flow_profile":{"type":"NONE","uuid":""},"preparationDeviceBrew":{"type":"NONE"},"customInformation":{"visualizer_id":""}},{"grind_size":25,"grind_weight":17.8,"method_of_preparation":"81557c32-ce0d-41e0-8e7a-ab87fb535d56","mill":"d7a0372e-b1a7-4d90-9497-c9b1194d34f6","mill_speed":0,"mill_timer":0,"pressure_profile":"","bean":"7d1e3c2c-82fa-488c-a005-dd5d0720d5eb","brew_temperature_time":0,"brew_temperature":0,"brew_time":148,"brew_quantity":280.9,"brew_quantity_type":"GR","note":"","rating":0,"coffee_type":"","coffee_concentration":"","coffee_first_drip_time":0,"coffee_blooming_time":44,"attachments":[],"config":{"uuid":"aac11564-7a33-48d6-a31b-04d45432f4a4","unix_timestamp":1718773842},"tds":0,"brew_beverage_quantity":0,"brew_beverage_quantity_type":"GR","brew_time_milliseconds":0,"brew_temperature_time_milliseconds":0,"coffee_first_drip_time_milliseconds":0,"coffee_blooming_time_milliseconds":0,"coordinates":{"accuracy":null,"altitude":null,"altitudeAccuracy":null,"heading":null,"latitude":null,"longitude":null,"speed":null},"cupping":{"body":0,"brightness":0,"clean_cup":0,"complexity":0,"cuppers_correction":0,"dry_fragrance":0,"finish":0,"flavor":0,"sweetness":0,"uniformity":0,"wet_aroma":0,"notes":""},"cupped_flavor":{"predefined_flavors":{},"custom_flavors":[]},"method_of_preparation_tools":["2b297347-6d37-410e-b6eb-556f34758af6"],"bean_weight_in":18,"favourite":false,"best_brew":false,"water":"","vessel_name":"Kinto","vessel_weight":190.8,"flow_profile":"brews/aac11564-7a33-48d6-a31b-04d45432f4a4_flow_profile.json","reference_flow_profile":{"type":"NONE","uuid":""},"preparationDeviceBrew":{"type":"NONE"},"customInformation":{"visualizer_id":""}},{"grind_size":25,"grind_weight":17.9,"method_of_preparation":"81557c32-ce0d-41e0-8e7a-ab87fb535d56","mill":"d7a0372e-b1a7-4d90-9497-c9b1194d34f6","mill_speed":0,"mill_timer":0,"pressure_profile":"","bean":"7d1e3c2c-82fa-488c-a005-dd5d0720d5eb","brew_temperature_time":0,"brew_temperature":0,"brew_time":153,"brew_quantity":279,"brew_quantity_type":"GR","note":"","rating":0,"coffee_type":"","coffee_concentration":"","coffee_first_drip_time":0,"coffee_blooming_time":46,"attachments":[],"config":{"uuid":"f12f0a32-7dd5-4249-8c08-2c825e9deb1d","unix_timestamp":1718777063},"tds":0,"brew_beverage_quantity":0,"brew_beverage_quantity_type":"GR","brew_time_milliseconds":0,"brew_temperature_time_milliseconds":0,"coffee_first_drip_time_milliseconds":0,"coffee_blooming_time_milliseconds":0,"coordinates":{"accuracy":null,"altitude":null,"altitudeAccuracy":null,"heading":null,"latitude":null,"longitude":null,"speed":null},"cupping":{"body":0,"brightness":0,"clean_cup":0,"complexity":0,"cuppers_correction":0,"dry_fragrance":0,"finish":0,"flavor":0,"sweetness":0,"uniformity":0,"wet_aroma":0,"notes":""},"cupped_flavor":{"predefined_flavors":{},"custom_flavors":[]},"method_of_preparation_tools":["2b297347-6d37-410e-b6eb-556f34758af6"],"bean_weight_in":18,"favourite":false,"best_brew":false,"water":"","vessel_name":"Kinto","vessel_weight":190.8,"flow_profile":"brews/f12f0a32-7dd5-4249-8c08-2c825e9deb1d_flow_profile.json","reference_flow_profile":{"type":"NONE","uuid":""},"preparationDeviceBrew":{"type":"NONE"},"customInformation":{"visualizer_id":""}},{"grind_size":25,"grind_weight":17.9,"method_of_preparation":"81557c32-ce0d-41e0-8e7a-ab87fb535d56","mill":"d7a0372e-b1a7-4d90-9497-c9b1194d34f6","mill_speed":0,"mill_timer":0,"pressure_profile":"","bean":"25bf3245-3a34-4667-9038-add3255c4af0","brew_temperature_time":0,"brew_temperature":0,"brew_time":167,"brew_quantity":277.6,"brew_quantity_type":"GR","note":"","rating":0,"coffee_type":"","coffee_concentration":"","coffee_first_drip_time":0,"coffee_blooming_time":44,"attachments":[],"config":{"uuid":"213f1076-6a39-4e00-a4fb-990f46a5f5b9","unix_timestamp":1718969472},"tds":0,"brew_beverage_quantity":237.4,"brew_beverage_quantity_type":"GR","brew_time_milliseconds":0,"brew_temperature_time_milliseconds":0,"coffee_first_drip_time_milliseconds":0,"coffee_blooming_time_milliseconds":0,"coordinates":{"accuracy":null,"altitude":null,"altitudeAccuracy":null,"heading":null,"latitude":null,"longitude":null,"speed":null},"cupping":{"body":0,"brightness":0,"clean_cup":0,"complexity":0,"cuppers_correction":0,"dry_fragrance":0,"finish":0,"flavor":0,"sweetness":0,"uniformity":0,"wet_aroma":0,"notes":""},"cupped_flavor":{"predefined_flavors":{},"custom_flavors":[]},"method_of_preparation_tools":["2b297347-6d37-410e-b6eb-556f34758af6"],"bean_weight_in":18,"favourite":false,"best_brew":false,"water":"","vessel_name":"Kinto","vessel_weight":190.8,"flow_profile":"brews/213f1076-6a39-4e00-a4fb-990f46a5f5b9_flow_profile.json","reference_flow_profile":{"type":"NONE","uuid":""},"preparationDeviceBrew":{"type":"NONE"},"customInformation":{"visualizer_id":""}},{"grind_size":25,"grind_weight":17.9,"method_of_preparation":"81557c32-ce0d-41e0-8e7a-ab87fb535d56","mill":"d7a0372e-b1a7-4d90-9497-c9b1194d34f6","mill_speed":0,"mill_timer":0,"pressure_profile":"","bean":"f8772d13-e554-4624-a817-d9145ac64458","brew_temperature_time":0,"brew_temperature":0,"brew_time":166,"brew_quantity":284.3,"brew_quantity_type":"GR","note":"","rating":0,"coffee_type":"","coffee_concentration":"","coffee_first_drip_time":0,"coffee_blooming_time":44,"attachments":[],"config":{"uuid":"a8e5632c-e6e1-4f5b-bf92-3db2e50027ea","unix_timestamp":1719036612},"tds":0,"brew_beverage_quantity":243.3,"brew_beverage_quantity_type":"GR","brew_time_milliseconds":0,"brew_temperature_time_milliseconds":0,"coffee_first_drip_time_milliseconds":0,"coffee_blooming_time_milliseconds":0,"coordinates":{"accuracy":null,"altitude":null,"altitudeAccuracy":null,"heading":null,"latitude":null,"longitude":null,"speed":null},"cupping":{"body":0,"brightness":0,"clean_cup":0,"complexity":0,"cuppers_correction":0,"dry_fragrance":0,"finish":0,"flavor":0,"sweetness":0,"uniformity":0,"wet_aroma":0,"notes":""},"cupped_flavor":{"predefined_flavors":{},"custom_flavors":[]},"method_of_preparation_tools":["2b297347-6d37-410e-b6eb-556f34758af6"],"bean_weight_in":17.9,"favourite":false,"best_brew":false,"water":"","vessel_name":"Kinto","vessel_weight":190.8,"flow_profile":"brews/a8e5632c-e6e1-4f5b-bf92-3db2e50027ea_flow_profile.json","reference_flow_profile":{"type":"NONE","uuid":""},"preparationDeviceBrew":{"type":"NONE"},"customInformation":{"visualizer_id":""}},{"grind_size":25,"grind_weight":18,"method_of_preparation":"81557c32-ce0d-41e0-8e7a-ab87fb535d56","mill":"d7a0372e-b1a7-4d90-9497-c9b1194d34f6","mill_speed":0,"mill_timer":0,"pressure_profile":"","bean":"f8772d13-e554-4624-a817-d9145ac64458","brew_temperature_time":0,"brew_temperature":0,"brew_time":169,"brew_quantity":284.5,"brew_quantity_type":"GR","note":"","rating":0,"coffee_type":"","coffee_concentration":"","coffee_first_drip_time":0,"coffee_blooming_time":45,"attachments":[],"config":{"uuid":"a013a2eb-0f1b-4757-86f4-ce8d179ef0e3","unix_timestamp":1719119771},"tds":0,"brew_beverage_quantity":242,"brew_beverage_quantity_type":"GR","brew_time_milliseconds":0,"brew_temperature_time_milliseconds":0,"coffee_first_drip_time_milliseconds":0,"coffee_blooming_time_milliseconds":0,"coordinates":{"accuracy":null,"altitude":null,"altitudeAccuracy":null,"heading":null,"latitude":null,"longitude":null,"speed":null},"cupping":{"body":0,"brightness":0,"clean_cup":0,"complexity":0,"cuppers_correction":0,"dry_fragrance":0,"finish":0,"flavor":0,"sweetness":0,"uniformity":0,"wet_aroma":0,"notes":""},"cupped_flavor":{"predefined_flavors":{},"custom_flavors":[]},"method_of_preparation_tools":["2b297347-6d37-410e-b6eb-556f34758af6"],"bean_weight_in":18.4,"favourite":false,"best_brew":false,"water":"","vessel_name":"Kinto","vessel_weight":190.8,"flow_profile":"brews/a013a2eb-0f1b-4757-86f4-ce8d179ef0e3_flow_profile.json","reference_flow_profile":{"type":"NONE","uuid":""},"preparationDeviceBrew":{"type":"NONE"},"customInformation":{"visualizer_id":""}},{"grind_size":25,"grind_weight":20,"method_of_preparation":"81557c32-ce0d-41e0-8e7a-ab87fb535d56","mill":"d7a0372e-b1a7-4d90-9497-c9b1194d34f6","mill_speed":0,"mill_timer":0,"pressure_profile":"","bean":"81989e29-b0c7-4f78-9128-6acb53ec7d3b","brew_temperature_time":0,"brew_temperature":0,"brew_time":175,"brew_quantity":318.4,"brew_quantity_type":"GR","note":"","rating":0,"coffee_type":"","coffee_concentration":"","coffee_first_drip_time":0,"coffee_blooming_time":45,"attachments":[],"config":{"uuid":"df173936-bf9f-4562-b9e6-222806c6bc8b","unix_timestamp":1719123693},"tds":0,"brew_beverage_quantity":277.8,"brew_beverage_quantity_type":"GR","brew_time_milliseconds":0,"brew_temperature_time_milliseconds":0,"coffee_first_drip_time_milliseconds":0,"coffee_blooming_time_milliseconds":0,"coordinates":{"accuracy":null,"altitude":null,"altitudeAccuracy":null,"heading":null,"latitude":null,"longitude":null,"speed":null},"cupping":{"body":0,"brightness":0,"clean_cup":0,"complexity":0,"cuppers_correction":0,"dry_fragrance":0,"finish":0,"flavor":0,"sweetness":0,"uniformity":0,"wet_aroma":0,"notes":""},"cupped_flavor":{"predefined_flavors":{},"custom_flavors":[]},"method_of_preparation_tools":["2b297347-6d37-410e-b6eb-556f34758af6"],"bean_weight_in":20.1,"favourite":false,"best_brew":false,"water":"","vessel_name":"Kinto","vessel_weight":190.8,"flow_profile":"brews/df173936-bf9f-4562-b9e6-222806c6bc8b_flow_profile.json","reference_flow_profile":{"type":"NONE","uuid":""},"preparationDeviceBrew":{"type":"NONE"},"customInformation":{"visualizer_id":""}},{"grind_size":25,"grind_weight":19.9,"method_of_preparation":"81557c32-ce0d-41e0-8e7a-ab87fb535d56","mill":"d7a0372e-b1a7-4d90-9497-c9b1194d34f6","mill_speed":0,"mill_timer":0,"pressure_profile":"","bean":"f8772d13-e554-4624-a817-d9145ac64458","brew_temperature_time":0,"brew_temperature":0,"brew_time":165,"brew_quantity":318,"brew_quantity_type":"GR","note":"","rating":0,"coffee_type":"","coffee_concentration":"","coffee_first_drip_time":0,"coffee_blooming_time":46,"attachments":[],"config":{"uuid":"b9582a5e-9008-4b58-af86-eee45c26927c","unix_timestamp":1719207837},"tds":0,"brew_beverage_quantity":273,"brew_beverage_quantity_type":"GR","brew_time_milliseconds":0,"brew_temperature_time_milliseconds":0,"coffee_first_drip_time_milliseconds":0,"coffee_blooming_time_milliseconds":0,"coordinates":{"accuracy":null,"altitude":null,"altitudeAccuracy":null,"heading":null,"latitude":null,"longitude":null,"speed":null},"cupping":{"body":0,"brightness":0,"clean_cup":0,"complexity":0,"cuppers_correction":0,"dry_fragrance":0,"finish":0,"flavor":0,"sweetness":0,"uniformity":0,"wet_aroma":0,"notes":""},"cupped_flavor":{"predefined_flavors":{},"custom_flavors":[]},"method_of_preparation_tools":["2b297347-6d37-410e-b6eb-556f34758af6"],"bean_weight_in":20,"favourite":false,"best_brew":false,"water":"","vessel_name":"Kinto","vessel_weight":190.8,"flow_profile":"brews/b9582a5e-9008-4b58-af86-eee45c26927c_flow_profile.json","reference_flow_profile":{"type":"NONE","uuid":""},"preparationDeviceBrew":{"type":"NONE"},"customInformation":{"visualizer_id":""}},{"grind_size":25,"grind_weight":19.9,"method_of_preparation":"81557c32-ce0d-41e0-8e7a-ab87fb535d56","mill":"d7a0372e-b1a7-4d90-9497-c9b1194d34f6","mill_speed":0,"mill_timer":0,"pressure_profile":"","bean":"f8772d13-e554-4624-a817-d9145ac64458","brew_temperature_time":0,"brew_temperature":0,"brew_time":190,"brew_quantity":318.1,"brew_quantity_type":"GR","note":"","rating":0,"coffee_type":"","coffee_concentration":"","coffee_first_drip_time":0,"coffee_blooming_time":45,"attachments":[],"config":{"uuid":"e6a0e8ad-55e0-4cee-87bc-361d2673a8cf","unix_timestamp":1719294242},"tds":0,"brew_beverage_quantity":273.4,"brew_beverage_quantity_type":"GR","brew_time_milliseconds":0,"brew_temperature_time_milliseconds":0,"coffee_first_drip_time_milliseconds":0,"coffee_blooming_time_milliseconds":0,"coordinates":{"accuracy":null,"altitude":null,"altitudeAccuracy":null,"heading":null,"latitude":null,"longitude":null,"speed":null},"cupping":{"body":0,"brightness":0,"clean_cup":0,"complexity":0,"cuppers_correction":0,"dry_fragrance":0,"finish":0,"flavor":0,"sweetness":0,"uniformity":0,"wet_aroma":0,"notes":""},"cupped_flavor":{"predefined_flavors":{},"custom_flavors":[]},"method_of_preparation_tools":["2b297347-6d37-410e-b6eb-556f34758af6"],"bean_weight_in":20.1,"favourite":false,"best_brew":false,"water":"","vessel_name":"Kinto","vessel_weight":190.8,"flow_profile":"brews/e6a0e8ad-55e0-4cee-87bc-361d2673a8cf_flow_profile.json","reference_flow_profile":{"type":"NONE","uuid":""},"preparationDeviceBrew":{"type":"NONE"},"customInformation":{"visualizer_id":""}},{"grind_size":25,"grind_weight":19.9,"method_of_preparation":"81557c32-ce0d-41e0-8e7a-ab87fb535d56","mill":"d7a0372e-b1a7-4d90-9497-c9b1194d34f6","mill_speed":0,"mill_timer":0,"pressure_profile":"","bean":"f8772d13-e554-4624-a817-d9145ac64458","brew_temperature_time":0,"brew_temperature":0,"brew_time":153,"brew_quantity":312.3,"brew_quantity_type":"GR","note":"","rating":0,"coffee_type":"","coffee_concentration":"","coffee_first_drip_time":0,"coffee_blooming_time":45,"attachments":[],"config":{"uuid":"1edffc86-20b6-4a10-9f46-32c38f82b89c","unix_timestamp":1719488190},"tds":0,"brew_beverage_quantity":265.2,"brew_beverage_quantity_type":"GR","brew_time_milliseconds":0,"brew_temperature_time_milliseconds":0,"coffee_first_drip_time_milliseconds":0,"coffee_blooming_time_milliseconds":0,"coordinates":{"accuracy":null,"altitude":null,"altitudeAccuracy":null,"heading":null,"latitude":null,"longitude":null,"speed":null},"cupping":{"body":0,"brightness":0,"clean_cup":0,"complexity":0,"cuppers_correction":0,"dry_fragrance":0,"finish":0,"flavor":0,"sweetness":0,"uniformity":0,"wet_aroma":0,"notes":""},"cupped_flavor":{"predefined_flavors":{},"custom_flavors":[]},"method_of_preparation_tools":["2b297347-6d37-410e-b6eb-556f34758af6"],"bean_weight_in":20,"favourite":false,"best_brew":false,"water":"","vessel_name":"Kinto","vessel_weight":190.8,"flow_profile":"brews/1edffc86-20b6-4a10-9f46-32c38f82b89c_flow_profile.json","reference_flow_profile":{"type":"NONE","uuid":""},"preparationDeviceBrew":{"type":"NONE"},"customInformation":{"visualizer_id":""}},{"grind_size":25,"grind_weight":20.1,"method_of_preparation":"81557c32-ce0d-41e0-8e7a-ab87fb535d56","mill":"d7a0372e-b1a7-4d90-9497-c9b1194d34f6","mill_speed":0,"mill_timer":0,"pressure_profile":"","bean":"81989e29-b0c7-4f78-9128-6acb53ec7d3b","brew_temperature_time":0,"brew_temperature":0,"brew_time":179,"brew_quantity":317.4,"brew_quantity_type":"GR","note":"","rating":0,"coffee_type":"","coffee_concentration":"","coffee_first_drip_time":0,"coffee_blooming_time":45,"attachments":[],"config":{"uuid":"d1b8c27e-195c-4965-8e79-34c29db73ec4","unix_timestamp":1719551765},"tds":0,"brew_beverage_quantity":273.3,"brew_beverage_quantity_type":"GR","brew_time_milliseconds":0,"brew_temperature_time_milliseconds":0,"coffee_first_drip_time_milliseconds":0,"coffee_blooming_time_milliseconds":0,"coordinates":{"accuracy":null,"altitude":null,"altitudeAccuracy":null,"heading":null,"latitude":null,"longitude":null,"speed":null},"cupping":{"body":0,"brightness":0,"clean_cup":0,"complexity":0,"cuppers_correction":0,"dry_fragrance":0,"finish":0,"flavor":0,"sweetness":0,"uniformity":0,"wet_aroma":0,"notes":""},"cupped_flavor":{"predefined_flavors":{},"custom_flavors":[]},"method_of_preparation_tools":["2b297347-6d37-410e-b6eb-556f34758af6"],"bean_weight_in":20.1,"favourite":false,"best_brew":false,"water":"","vessel_name":"Kinto","vessel_weight":190.8,"flow_profile":"brews/d1b8c27e-195c-4965-8e79-34c29db73ec4_flow_profile.json","reference_flow_profile":{"type":"NONE","uuid":""},"preparationDeviceBrew":{"type":"NONE"},"customInformation":{"visualizer_id":""}},{"grind_size":25,"grind_weight":17.9,"method_of_preparation":"81557c32-ce0d-41e0-8e7a-ab87fb535d56","mill":"d7a0372e-b1a7-4d90-9497-c9b1194d34f6","mill_speed":0,"mill_timer":0,"pressure_profile":"","bean":"f8772d13-e554-4624-a817-d9145ac64458","brew_temperature_time":0,"brew_temperature":0,"brew_time":158,"brew_quantity":286,"brew_quantity_type":"GR","note":"","rating":0,"coffee_type":"","coffee_concentration":"","coffee_first_drip_time":0,"coffee_blooming_time":45,"attachments":[],"config":{"uuid":"2a79b237-aa8f-4a23-814d-fa3ba3f00fd8","unix_timestamp":1719572314},"tds":0,"brew_beverage_quantity":247.4,"brew_beverage_quantity_type":"GR","brew_time_milliseconds":0,"brew_temperature_time_milliseconds":0,"coffee_first_drip_time_milliseconds":0,"coffee_blooming_time_milliseconds":0,"coordinates":{"accuracy":null,"altitude":null,"altitudeAccuracy":null,"heading":null,"latitude":null,"longitude":null,"speed":null},"cupping":{"body":0,"brightness":0,"clean_cup":0,"complexity":0,"cuppers_correction":0,"dry_fragrance":0,"finish":0,"flavor":0,"sweetness":0,"uniformity":0,"wet_aroma":0,"notes":""},"cupped_flavor":{"predefined_flavors":{},"custom_flavors":[]},"method_of_preparation_tools":["2b297347-6d37-410e-b6eb-556f34758af6"],"bean_weight_in":18,"favourite":false,"best_brew":false,"water":"","vessel_name":"Kinto","vessel_weight":190.8,"flow_profile":"brews/2a79b237-aa8f-4a23-814d-fa3ba3f00fd8_flow_profile.json","reference_flow_profile":{"type":"NONE","uuid":""},"preparationDeviceBrew":{"type":"NONE"},"customInformation":{"visualizer_id":""}},{"grind_size":25,"grind_weight":20,"method_of_preparation":"81557c32-ce0d-41e0-8e7a-ab87fb535d56","mill":"d7a0372e-b1a7-4d90-9497-c9b1194d34f6","mill_speed":0,"mill_timer":0,"pressure_profile":"","bean":"f8772d13-e554-4624-a817-d9145ac64458","brew_temperature_time":0,"brew_temperature":0,"brew_time":190,"brew_quantity":315.9,"brew_quantity_type":"GR","note":"","rating":0,"coffee_type":"","coffee_concentration":"","coffee_first_drip_time":0,"coffee_blooming_time":46,"attachments":[],"config":{"uuid":"8e89d72b-9c08-46d6-9382-11afbcf52ffa","unix_timestamp":1719637665},"tds":0,"brew_beverage_quantity":273.2,"brew_beverage_quantity_type":"GR","brew_time_milliseconds":0,"brew_temperature_time_milliseconds":0,"coffee_first_drip_time_milliseconds":0,"coffee_blooming_time_milliseconds":0,"coordinates":{"accuracy":null,"altitude":null,"altitudeAccuracy":null,"heading":null,"latitude":null,"longitude":null,"speed":null},"cupping":{"body":0,"brightness":0,"clean_cup":0,"complexity":0,"cuppers_correction":0,"dry_fragrance":0,"finish":0,"flavor":0,"sweetness":0,"uniformity":0,"wet_aroma":0,"notes":""},"cupped_flavor":{"predefined_flavors":{},"custom_flavors":[]},"method_of_preparation_tools":["2b297347-6d37-410e-b6eb-556f34758af6"],"bean_weight_in":20.1,"favourite":false,"best_brew":false,"water":"","vessel_name":"Kinto","vessel_weight":190.8,"flow_profile":"brews/8e89d72b-9c08-46d6-9382-11afbcf52ffa_flow_profile.json","reference_flow_profile":{"type":"NONE","uuid":""},"preparationDeviceBrew":{"type":"NONE"},"customInformation":{"visualizer_id":""}},{"grind_size":25,"grind_weight":20,"method_of_preparation":"81557c32-ce0d-41e0-8e7a-ab87fb535d56","mill":"d7a0372e-b1a7-4d90-9497-c9b1194d34f6","mill_speed":0,"mill_timer":0,"pressure_profile":"","bean":"f8772d13-e554-4624-a817-d9145ac64458","brew_temperature_time":0,"brew_temperature":0,"brew_time":177,"brew_quantity":321.5,"brew_quantity_type":"GR","note":"","rating":3.5,"coffee_type":"","coffee_concentration":"","coffee_first_drip_time":0,"coffee_blooming_time":45,"attachments":[],"config":{"uuid":"18d46f18-2be3-4c82-91e8-3ccb73f15abd","unix_timestamp":1719895278},"tds":0,"brew_beverage_quantity":279.3,"brew_beverage_quantity_type":"GR","brew_time_milliseconds":0,"brew_temperature_time_milliseconds":0,"coffee_first_drip_time_milliseconds":0,"coffee_blooming_time_milliseconds":0,"coordinates":{"accuracy":null,"altitude":null,"altitudeAccuracy":null,"heading":null,"latitude":null,"longitude":null,"speed":null},"cupping":{"body":0,"brightness":0,"clean_cup":0,"complexity":0,"cuppers_correction":0,"dry_fragrance":0,"finish":0,"flavor":0,"sweetness":0,"uniformity":0,"wet_aroma":0,"notes":""},"cupped_flavor":{"predefined_flavors":{},"custom_flavors":[]},"method_of_preparation_tools":["2b297347-6d37-410e-b6eb-556f34758af6"],"bean_weight_in":20,"favourite":false,"best_brew":false,"water":"","vessel_name":"Kinto","vessel_weight":190.8,"flow_profile":"brews/18d46f18-2be3-4c82-91e8-3ccb73f15abd_flow_profile.json","reference_flow_profile":{"type":"NONE","uuid":""},"preparationDeviceBrew":{"type":"NONE"},"customInformation":{"visualizer_id":""}},{"grind_size":25,"grind_weight":20,"method_of_preparation":"81557c32-ce0d-41e0-8e7a-ab87fb535d56","mill":"d7a0372e-b1a7-4d90-9497-c9b1194d34f6","mill_speed":0,"mill_timer":0,"pressure_profile":"","bean":"81989e29-b0c7-4f78-9128-6acb53ec7d3b","brew_temperature_time":0,"brew_temperature":0,"brew_time":215,"brew_quantity":319.6,"brew_quantity_type":"GR","note":"","rating":0,"coffee_type":"","coffee_concentration":"","coffee_first_drip_time":0,"coffee_blooming_time":54,"attachments":[],"config":{"uuid":"fbe7e3ae-febb-456b-98ea-a63b38e06cb0","unix_timestamp":1720155891},"tds":0,"brew_beverage_quantity":275,"brew_beverage_quantity_type":"GR","brew_time_milliseconds":0,"brew_temperature_time_milliseconds":0,"coffee_first_drip_time_milliseconds":0,"coffee_blooming_time_milliseconds":0,"coordinates":{"accuracy":null,"altitude":null,"altitudeAccuracy":null,"heading":null,"latitude":null,"longitude":null,"speed":null},"cupping":{"body":0,"brightness":0,"clean_cup":0,"complexity":0,"cuppers_correction":0,"dry_fragrance":0,"finish":0,"flavor":0,"sweetness":0,"uniformity":0,"wet_aroma":0,"notes":""},"cupped_flavor":{"predefined_flavors":{},"custom_flavors":[]},"method_of_preparation_tools":["2b297347-6d37-410e-b6eb-556f34758af6"],"bean_weight_in":20.1,"favourite":false,"best_brew":false,"water":"","vessel_name":"Kinto","vessel_weight":190.8,"flow_profile":"brews/fbe7e3ae-febb-456b-98ea-a63b38e06cb0_flow_profile.json","reference_flow_profile":{"type":"NONE","uuid":""},"preparationDeviceBrew":{"type":"NONE"},"customInformation":{"visualizer_id":""}},{"grind_size":25,"grind_weight":20,"method_of_preparation":"81557c32-ce0d-41e0-8e7a-ab87fb535d56","mill":"d7a0372e-b1a7-4d90-9497-c9b1194d34f6","mill_speed":0,"mill_timer":0,"pressure_profile":"","bean":"f8772d13-e554-4624-a817-d9145ac64458","brew_temperature_time":0,"brew_temperature":0,"brew_time":204,"brew_quantity":323.9,"brew_quantity_type":"GR","note":"","rating":0,"coffee_type":"","coffee_concentration":"","coffee_first_drip_time":0,"coffee_blooming_time":46,"attachments":[],"config":{"uuid":"750c0f91-1dff-4bc7-9d7e-0ccfa4c08702","unix_timestamp":1720241058},"tds":0,"brew_beverage_quantity":278.9,"brew_beverage_quantity_type":"GR","brew_time_milliseconds":0,"brew_temperature_time_milliseconds":0,"coffee_first_drip_time_milliseconds":0,"coffee_blooming_time_milliseconds":0,"coordinates":{"accuracy":null,"altitude":null,"altitudeAccuracy":null,"heading":null,"latitude":null,"longitude":null,"speed":null},"cupping":{"body":0,"brightness":0,"clean_cup":0,"complexity":0,"cuppers_correction":0,"dry_fragrance":0,"finish":0,"flavor":0,"sweetness":0,"uniformity":0,"wet_aroma":0,"notes":""},"cupped_flavor":{"predefined_flavors":{},"custom_flavors":[]},"method_of_preparation_tools":["2b297347-6d37-410e-b6eb-556f34758af6"],"bean_weight_in":20,"favourite":false,"best_brew":false,"water":"","vessel_name":"Kinto","vessel_weight":190.8,"flow_profile":"brews/750c0f91-1dff-4bc7-9d7e-0ccfa4c08702_flow_profile.json","reference_flow_profile":{"type":"NONE","uuid":""},"preparationDeviceBrew":{"type":"NONE"},"customInformation":{"visualizer_id":""}},{"grind_size":25,"grind_weight":20.4,"method_of_preparation":"81557c32-ce0d-41e0-8e7a-ab87fb535d56","mill":"d7a0372e-b1a7-4d90-9497-c9b1194d34f6","mill_speed":0,"mill_timer":0,"pressure_profile":"","bean":"f8772d13-e554-4624-a817-d9145ac64458","brew_temperature_time":0,"brew_temperature":0,"brew_time":181,"brew_quantity":329.6,"brew_quantity_type":"GR","note":"","rating":0,"coffee_type":"","coffee_concentration":"","coffee_first_drip_time":0,"coffee_blooming_time":45,"attachments":[],"config":{"uuid":"5bb063ac-d725-4a3d-be78-824ef6550498","unix_timestamp":1720328865},"tds":0,"brew_beverage_quantity":284,"brew_beverage_quantity_type":"GR","brew_time_milliseconds":0,"brew_temperature_time_milliseconds":0,"coffee_first_drip_time_milliseconds":0,"coffee_blooming_time_milliseconds":0,"coordinates":{"accuracy":null,"altitude":null,"altitudeAccuracy":null,"heading":null,"latitude":null,"longitude":null,"speed":null},"cupping":{"body":0,"brightness":0,"clean_cup":0,"complexity":0,"cuppers_correction":0,"dry_fragrance":0,"finish":0,"flavor":0,"sweetness":0,"uniformity":0,"wet_aroma":0,"notes":""},"cupped_flavor":{"predefined_flavors":{},"custom_flavors":[]},"method_of_preparation_tools":["2b297347-6d37-410e-b6eb-556f34758af6"],"bean_weight_in":20.5,"favourite":false,"best_brew":false,"water":"","vessel_name":"Kinto","vessel_weight":190.8,"flow_profile":"brews/5bb063ac-d725-4a3d-be78-824ef6550498_flow_profile.json","reference_flow_profile":{"type":"NONE","uuid":""},"preparationDeviceBrew":{"type":"NONE"},"customInformation":{"visualizer_id":""}},{"grind_size":25,"grind_weight":20,"method_of_preparation":"81557c32-ce0d-41e0-8e7a-ab87fb535d56","mill":"d7a0372e-b1a7-4d90-9497-c9b1194d34f6","mill_speed":0,"mill_timer":0,"pressure_profile":"","bean":"f8772d13-e554-4624-a817-d9145ac64458","brew_temperature_time":0,"brew_temperature":0,"brew_time":188,"brew_quantity":316.9,"brew_quantity_type":"GR","note":"","rating":0,"coffee_type":"","coffee_concentration":"","coffee_first_drip_time":0,"coffee_blooming_time":45,"attachments":[],"config":{"uuid":"a983ecab-00e4-47a9-9614-36984484029f","unix_timestamp":1720501220},"tds":0,"brew_beverage_quantity":273.2,"brew_beverage_quantity_type":"GR","brew_time_milliseconds":0,"brew_temperature_time_milliseconds":0,"coffee_first_drip_time_milliseconds":0,"coffee_blooming_time_milliseconds":0,"coordinates":{"accuracy":null,"altitude":null,"altitudeAccuracy":null,"heading":null,"latitude":null,"longitude":null,"speed":null},"cupping":{"body":0,"brightness":0,"clean_cup":0,"complexity":0,"cuppers_correction":0,"dry_fragrance":0,"finish":0,"flavor":0,"sweetness":0,"uniformity":0,"wet_aroma":0,"notes":""},"cupped_flavor":{"predefined_flavors":{},"custom_flavors":[]},"method_of_preparation_tools":["2b297347-6d37-410e-b6eb-556f34758af6"],"bean_weight_in":20.1,"favourite":false,"best_brew":false,"water":"","vessel_name":"Kinto","vessel_weight":190.8,"flow_profile":"brews/a983ecab-00e4-47a9-9614-36984484029f_flow_profile.json","reference_flow_profile":{"type":"NONE","uuid":""},"preparationDeviceBrew":{"type":"NONE"},"customInformation":{"visualizer_id":""}},{"grind_size":25,"grind_weight":20.1,"method_of_preparation":"81557c32-ce0d-41e0-8e7a-ab87fb535d56","mill":"d7a0372e-b1a7-4d90-9497-c9b1194d34f6","mill_speed":0,"mill_timer":0,"pressure_profile":"","bean":"f8772d13-e554-4624-a817-d9145ac64458","brew_temperature_time":0,"brew_temperature":0,"brew_time":178,"brew_quantity":319,"brew_quantity_type":"GR","note":"","rating":0,"coffee_type":"","coffee_concentration":"","coffee_first_drip_time":0,"coffee_blooming_time":45,"attachments":[],"config":{"uuid":"01cb716f-ad62-49f5-b72a-6e1f35e67bb2","unix_timestamp":1723092406},"tds":0,"brew_beverage_quantity":276.8,"brew_beverage_quantity_type":"GR","brew_time_milliseconds":0,"brew_temperature_time_milliseconds":0,"coffee_first_drip_time_milliseconds":0,"coffee_blooming_time_milliseconds":0,"coordinates":{"accuracy":null,"altitude":null,"altitudeAccuracy":null,"heading":null,"latitude":null,"longitude":null,"speed":null},"cupping":{"body":0,"brightness":0,"clean_cup":0,"complexity":0,"cuppers_correction":0,"dry_fragrance":0,"finish":0,"flavor":0,"sweetness":0,"uniformity":0,"wet_aroma":0,"notes":""},"cupped_flavor":{"predefined_flavors":{},"custom_flavors":[]},"method_of_preparation_tools":["2b297347-6d37-410e-b6eb-556f34758af6"],"bean_weight_in":20,"favourite":false,"best_brew":false,"water":"","vessel_name":"Kinto","vessel_weight":190.8,"flow_profile":"brews/01cb716f-ad62-49f5-b72a-6e1f35e67bb2_flow_profile.json","reference_flow_profile":{"type":"NONE","uuid":""},"preparationDeviceBrew":{"type":"NONE"},"customInformation":{"visualizer_id":""}},{"grind_size":25,"grind_weight":17.3,"method_of_preparation":"81557c32-ce0d-41e0-8e7a-ab87fb535d56","mill":"d7a0372e-b1a7-4d90-9497-c9b1194d34f6","mill_speed":0,"mill_timer":0,"pressure_profile":"","bean":"f8772d13-e554-4624-a817-d9145ac64458","brew_temperature_time":0,"brew_temperature":0,"brew_time":161,"brew_quantity":274.7,"brew_quantity_type":"GR","note":"","rating":0,"coffee_type":"","coffee_concentration":"","coffee_first_drip_time":0,"coffee_blooming_time":47,"attachments":[],"config":{"uuid":"18aeea48-1ac7-4c22-ba9f-3d26ec845ff4","unix_timestamp":1723179501},"tds":0,"brew_beverage_quantity":235.4,"brew_beverage_quantity_type":"GR","brew_time_milliseconds":0,"brew_temperature_time_milliseconds":0,"coffee_first_drip_time_milliseconds":0,"coffee_blooming_time_milliseconds":0,"coordinates":{"accuracy":null,"altitude":null,"altitudeAccuracy":null,"heading":null,"latitude":null,"longitude":null,"speed":null},"cupping":{"body":0,"brightness":0,"clean_cup":0,"complexity":0,"cuppers_correction":0,"dry_fragrance":0,"finish":0,"flavor":0,"sweetness":0,"uniformity":0,"wet_aroma":0,"notes":""},"cupped_flavor":{"predefined_flavors":{},"custom_flavors":[]},"method_of_preparation_tools":["2b297347-6d37-410e-b6eb-556f34758af6"],"bean_weight_in":17.3,"favourite":false,"best_brew":false,"water":"","vessel_name":"Kinto","vessel_weight":190.8,"flow_profile":"brews/18aeea48-1ac7-4c22-ba9f-3d26ec845ff4_flow_profile.json","reference_flow_profile":{"type":"NONE","uuid":""},"preparationDeviceBrew":{"type":"NONE"},"customInformation":{"visualizer_id":""}},{"grind_size":25,"grind_weight":20,"method_of_preparation":"81557c32-ce0d-41e0-8e7a-ab87fb535d56","mill":"d7a0372e-b1a7-4d90-9497-c9b1194d34f6","mill_speed":0,"mill_timer":0,"pressure_profile":"","bean":"81989e29-b0c7-4f78-9128-6acb53ec7d3b","brew_temperature_time":0,"brew_temperature":0,"brew_time":172,"brew_quantity":322.1,"brew_quantity_type":"GR","note":"","rating":0,"coffee_type":"","coffee_concentration":"","coffee_first_drip_time":0,"coffee_blooming_time":56,"attachments":[],"config":{"uuid":"a1c42be2-03df-430b-a2ee-efcf5438cbee","unix_timestamp":1724567393},"tds":0,"brew_beverage_quantity":285.2,"brew_beverage_quantity_type":"GR","mill_timer_milliseconds":0,"brew_time_milliseconds":0,"brew_temperature_time_milliseconds":0,"coffee_first_drip_time_milliseconds":0,"coffee_blooming_time_milliseconds":0,"coordinates":{"accuracy":null,"altitude":null,"altitudeAccuracy":null,"heading":null,"latitude":null,"longitude":null,"speed":null},"cupping":{"body":0,"brightness":0,"clean_cup":0,"complexity":0,"cuppers_correction":0,"dry_fragrance":0,"finish":0,"flavor":0,"sweetness":0,"uniformity":0,"wet_aroma":0,"notes":""},"cupped_flavor":{"predefined_flavors":{},"custom_flavors":[]},"method_of_preparation_tools":["2b297347-6d37-410e-b6eb-556f34758af6"],"bean_weight_in":20,"favourite":false,"best_brew":false,"water":"","vessel_name":"Kinto","vessel_weight":190.8,"flow_profile":"brews/a1c42be2-03df-430b-a2ee-efcf5438cbee_flow_profile.json","reference_flow_profile":{"type":"NONE","uuid":""},"preparationDeviceBrew":{"type":"NONE"},"customInformation":{"visualizer_id":""}},{"grind_size":25,"grind_weight":15,"method_of_preparation":"81557c32-ce0d-41e0-8e7a-ab87fb535d56","mill":"d7a0372e-b1a7-4d90-9497-c9b1194d34f6","mill_speed":0,"mill_timer":0,"pressure_profile":"","bean":"81989e29-b0c7-4f78-9128-6acb53ec7d3b","brew_temperature_time":0,"brew_temperature":0,"brew_time":160,"brew_quantity":240,"brew_quantity_type":"GR","note":"","rating":0,"coffee_type":"","coffee_concentration":"","coffee_first_drip_time":0,"coffee_blooming_time":45,"attachments":[],"config":{"uuid":"972cc75f-2957-47f6-81f2-eda60f3b6755","unix_timestamp":1725094506},"tds":0,"brew_beverage_quantity":206.2,"brew_beverage_quantity_type":"GR","mill_timer_milliseconds":0,"brew_time_milliseconds":0,"brew_temperature_time_milliseconds":0,"coffee_first_drip_time_milliseconds":0,"coffee_blooming_time_milliseconds":0,"coordinates":{"accuracy":null,"altitude":null,"altitudeAccuracy":null,"heading":null,"latitude":null,"longitude":null,"speed":null},"cupping":{"body":0,"brightness":0,"clean_cup":0,"complexity":0,"cuppers_correction":0,"dry_fragrance":0,"finish":0,"flavor":0,"sweetness":0,"uniformity":0,"wet_aroma":0,"notes":""},"cupped_flavor":{"predefined_flavors":{},"custom_flavors":[]},"method_of_preparation_tools":["2b297347-6d37-410e-b6eb-556f34758af6"],"bean_weight_in":15,"favourite":false,"best_brew":false,"water":"","vessel_name":"Kinto","vessel_weight":190.8,"flow_profile":"brews/972cc75f-2957-47f6-81f2-eda60f3b6755_flow_profile.json","reference_flow_profile":{"type":"NONE","uuid":""},"preparationDeviceBrew":{"type":"NONE"},"customInformation":{"visualizer_id":""}},{"grind_size":25,"grind_weight":20,"method_of_preparation":"81557c32-ce0d-41e0-8e7a-ab87fb535d56","mill":"d7a0372e-b1a7-4d90-9497-c9b1194d34f6","mill_speed":0,"mill_timer":0,"pressure_profile":"","bean":"81989e29-b0c7-4f78-9128-6acb53ec7d3b","brew_temperature_time":0,"brew_temperature":0,"brew_time":151,"brew_quantity":305,"brew_quantity_type":"GR","note":"","rating":0,"coffee_type":"","coffee_concentration":"","coffee_first_drip_time":0,"coffee_blooming_time":45,"attachments":[],"config":{"uuid":"e266c17a-4325-485e-a88b-aa9c1a837dbd","unix_timestamp":1725690558},"tds":0,"brew_beverage_quantity":263.9,"brew_beverage_quantity_type":"GR","mill_timer_milliseconds":0,"brew_time_milliseconds":0,"brew_temperature_time_milliseconds":0,"coffee_first_drip_time_milliseconds":0,"coffee_blooming_time_milliseconds":0,"coordinates":{"accuracy":null,"altitude":null,"altitudeAccuracy":null,"heading":null,"latitude":null,"longitude":null,"speed":null},"cupping":{"body":0,"brightness":0,"clean_cup":0,"complexity":0,"cuppers_correction":0,"dry_fragrance":0,"finish":0,"flavor":0,"sweetness":0,"uniformity":0,"wet_aroma":0,"notes":""},"cupped_flavor":{"predefined_flavors":{},"custom_flavors":[]},"method_of_preparation_tools":["2b297347-6d37-410e-b6eb-556f34758af6"],"bean_weight_in":20,"favourite":false,"best_brew":false,"water":"","vessel_name":"Kinto","vessel_weight":190.8,"flow_profile":"brews/e266c17a-4325-485e-a88b-aa9c1a837dbd_flow_profile.json","reference_flow_profile":{"type":"NONE","uuid":""},"preparationDeviceBrew":{"type":"NONE"},"customInformation":{"visualizer_id":""}},{"grind_size":25,"grind_weight":18.1,"method_of_preparation":"81557c32-ce0d-41e0-8e7a-ab87fb535d56","mill":"d7a0372e-b1a7-4d90-9497-c9b1194d34f6","mill_speed":0,"mill_timer":0,"pressure_profile":"","bean":"81989e29-b0c7-4f78-9128-6acb53ec7d3b","brew_temperature_time":0,"brew_temperature":0,"brew_time":173,"brew_quantity":288.8,"brew_quantity_type":"GR","note":"","rating":0,"coffee_type":"","coffee_concentration":"","coffee_first_drip_time":0,"coffee_blooming_time":48,"attachments":[],"config":{"uuid":"f87a5903-5711-40bf-98a6-3b7bcd282c34","unix_timestamp":1727241918},"tds":0,"brew_beverage_quantity":248.7,"brew_beverage_quantity_type":"GR","mill_timer_milliseconds":0,"brew_time_milliseconds":0,"brew_temperature_time_milliseconds":0,"coffee_first_drip_time_milliseconds":0,"coffee_blooming_time_milliseconds":0,"coordinates":{"accuracy":null,"altitude":null,"altitudeAccuracy":null,"heading":null,"latitude":null,"longitude":null,"speed":null},"cupping":{"body":0,"brightness":0,"clean_cup":0,"complexity":0,"cuppers_correction":0,"dry_fragrance":0,"finish":0,"flavor":0,"sweetness":0,"uniformity":0,"wet_aroma":0,"notes":""},"cupped_flavor":{"predefined_flavors":{},"custom_flavors":[]},"method_of_preparation_tools":["2b297347-6d37-410e-b6eb-556f34758af6"],"bean_weight_in":18,"favourite":false,"best_brew":false,"water":"","vessel_name":"Kinto","vessel_weight":190.8,"flow_profile":"brews/f87a5903-5711-40bf-98a6-3b7bcd282c34_flow_profile.json","reference_flow_profile":{"type":"NONE","uuid":""},"preparationDeviceBrew":{"type":"NONE"},"customInformation":{"visualizer_id":""}}]