[{"grind_size":18,"grind_weight":0,"method_of_preparation":"e7797479-930a-4624-a076-a06edfb96f75","mill":"d7a0372e-b1a7-4d90-9497-c9b1194d34f6","mill_speed":0,"mill_timer":0,"pressure_profile":"","bean":"3c69b8aa-5a9b-4d0e-b3af-a0f1ed493cfe","brew_temperature_time":0,"brew_temperature":0,"brew_time":173,"brew_quantity":313.1,"brew_quantity_type":"GR","note":"","rating":0,"coffee_type":"","coffee_concentration":"","coffee_first_drip_time":0,"coffee_blooming_time":45,"attachments":[],"config":{"uuid":"ed0b5e21-6684-4d41-8dcb-028267100ad3","unix_timestamp":1716713431},"tds":0,"brew_beverage_quantity":265.4,"brew_beverage_quantity_type":"GR","brew_time_milliseconds":0,"brew_temperature_time_milliseconds":0,"coffee_first_drip_time_milliseconds":0,"coffee_blooming_time_milliseconds":0,"coordinates":{"accuracy":null,"altitude":null,"altitudeAccuracy":null,"heading":null,"latitude":null,"longitude":null,"speed":null},"cupping":{"body":0,"brightness":0,"clean_cup":0,"complexity":0,"cuppers_correction":0,"dry_fragrance":0,"finish":0,"flavor":0,"sweetness":0,"uniformity":0,"wet_aroma":0,"notes":""},"cupped_flavor":{"predefined_flavors":{},"custom_flavors":[]},"method_of_preparation_tools":[],"bean_weight_in":15.2,"favourite":false,"best_brew":false,"water":"","vessel_name":"Kinto","vessel_weight":190.8,"flow_profile":"","reference_flow_profile":{"type":"NONE","uuid":""},"preparationDeviceBrew":{"type":"NONE"},"customInformation":{"visualizer_id":""}},{"grind_size":24,"grind_weight":18,"method_of_preparation":"81557c32-ce0d-41e0-8e7a-ab87fb535d56","mill":"d7a0372e-b1a7-4d90-9497-c9b1194d34f6","mill_speed":0,"mill_timer":0,"pressure_profile":"","bean":"6053b988-3188-43a9-bebb-78ce380860c6","brew_temperature_time":0,"brew_temperature":0,"brew_time":142,"brew_quantity":287,"brew_quantity_type":"GR","note":"","rating":4,"coffee_type":"","coffee_concentration":"","coffee_first_drip_time":0,"coffee_blooming_time":45,"attachments":[],"config":{"uuid":"9c64c400-3c65-4acc-9482-8b067b1adee0","unix_timestamp":1717311048},"tds":0,"brew_beverage_quantity":248.5,"brew_beverage_quantity_type":"GR","brew_time_milliseconds":0,"brew_temperature_time_milliseconds":0,"coffee_first_drip_time_milliseconds":0,"coffee_blooming_time_milliseconds":0,"coordinates":{"accuracy":null,"altitude":null,"altitudeAccuracy":null,"heading":null,"latitude":null,"longitude":null,"speed":null},"cupping":{"body":0,"brightness":0,"clean_cup":0,"complexity":0,"cuppers_correction":0,"dry_fragrance":0,"finish":0,"flavor":0,"sweetness":0,"uniformity":0,"wet_aroma":0,"notes":""},"cupped_flavor":{"predefined_flavors":{},"custom_flavors":[]},"method_of_preparation_tools":["2b297347-6d37-410e-b6eb-556f34758af6"],"bean_weight_in":18,"favourite":false,"best_brew":false,"water":"","vessel_name":"Kinto","vessel_weight":190.8,"flow_profile":"brews/9c64c400-3c65-4acc-9482-8b067b1adee0_flow_profile.json","reference_flow_profile":{"type":"NONE","uuid":""},"preparationDeviceBrew":{"type":"NONE"},"customInformation":{"visualizer_id":""}},{"grind_size":24,"grind_weight":19.9,"method_of_preparation":"81557c32-ce0d-41e0-8e7a-ab87fb535d56","mill":"d7a0372e-b1a7-4d90-9497-c9b1194d34f6","mill_speed":0,"mill_timer":0,"pressure_profile":"","bean":"6053b988-3188-43a9-bebb-78ce380860c6","brew_temperature_time":0,"brew_temperature":0,"brew_time":170,"brew_quantity":318.4,"brew_quantity_type":"GR","note":"","rating":4.5,"coffee_type":"","coffee_concentration":"","coffee_first_drip_time":0,"coffee_blooming_time":45,"attachments":[],"config":{"uuid":"327bc5cc-705f-48bf-a21e-4e5bb9cd185f","unix_timestamp":1717388866},"tds":0,"brew_beverage_quantity":277.7,"brew_beverage_quantity_type":"GR","brew_time_milliseconds":0,"brew_temperature_time_milliseconds":0,"coffee_first_drip_time_milliseconds":0,"coffee_blooming_time_milliseconds":0,"coordinates":{"accuracy":null,"altitude":null,"altitudeAccuracy":null,"heading":null,"latitude":null,"longitude":null,"speed":null},"cupping":{"body":0,"brightness":0,"clean_cup":0,"complexity":0,"cuppers_correction":0,"dry_fragrance":0,"finish":0,"flavor":0,"sweetness":0,"uniformity":0,"wet_aroma":0,"notes":""},"cupped_flavor":{"predefined_flavors":{},"custom_flavors":[]},"method_of_preparation_tools":["2b297347-6d37-410e-b6eb-556f34758af6"],"bean_weight_in":19.9,"favourite":false,"best_brew":false,"water":"","vessel_name":"Kinto","vessel_weight":190.8,"flow_profile":"brews/327bc5cc-705f-48bf-a21e-4e5bb9cd185f_flow_profile.json","reference_flow_profile":{"type":"NONE","uuid":""},"preparationDeviceBrew":{"type":"NONE"},"customInformation":{"visualizer_id":""}},{"grind_size":24,"grind_weight":20,"method_of_preparation":"81557c32-ce0d-41e0-8e7a-ab87fb535d56","mill":"d7a0372e-b1a7-4d90-9497-c9b1194d34f6","mill_speed":0,"mill_timer":0,"pressure_profile":"","bean":"6053b988-3188-43a9-bebb-78ce380860c6","brew_temperature_time":0,"brew_temperature":0,"brew_time":156,"brew_quantity":315,"brew_quantity_type":"GR","note":"","rating":0,"coffee_type":"","coffee_concentration":"","coffee_first_drip_time":0,"coffee_blooming_time":45,"attachments":[],"config":{"uuid":"4a5147de-e2fb-4295-8f91-6263d97527ad","unix_timestamp":1717561455},"tds":0,"brew_beverage_quantity":274.3,"brew_beverage_quantity_type":"GR","brew_time_milliseconds":0,"brew_temperature_time_milliseconds":0,"coffee_first_drip_time_milliseconds":0,"coffee_blooming_time_milliseconds":0,"coordinates":{"accuracy":null,"altitude":null,"altitudeAccuracy":null,"heading":null,"latitude":null,"longitude":null,"speed":null},"cupping":{"body":0,"brightness":0,"clean_cup":0,"complexity":0,"cuppers_correction":0,"dry_fragrance":0,"finish":0,"flavor":0,"sweetness":0,"uniformity":0,"wet_aroma":0,"notes":""},"cupped_flavor":{"predefined_flavors":{},"custom_flavors":[]},"method_of_preparation_tools":["2b297347-6d37-410e-b6eb-556f34758af6"],"bean_weight_in":20,"favourite":false,"best_brew":false,"water":"","vessel_name":"Kinto","vessel_weight":190.8,"flow_profile":"brews/4a5147de-e2fb-4295-8f91-6263d97527ad_flow_profile.json","reference_flow_profile":{"type":"NONE","uuid":""},"preparationDeviceBrew":{"type":"NONE"},"customInformation":{"visualizer_id":""}},{"grind_size":24,"grind_weight":20.1,"method_of_preparation":"81557c32-ce0d-41e0-8e7a-ab87fb535d56","mill":"d7a0372e-b1a7-4d90-9497-c9b1194d34f6","mill_speed":0,"mill_timer":0,"pressure_profile":"","bean":"6053b988-3188-43a9-bebb-78ce380860c6","brew_temperature_time":0,"brew_temperature":0,"brew_time":169,"brew_quantity":321.6,"brew_quantity_type":"GR","note":"","rating":0,"coffee_type":"","coffee_concentration":"","coffee_first_drip_time":0,"coffee_blooming_time":44,"attachments":[],"config":{"uuid":"d02758f2-2403-43a8-a15b-5ab033f4dd8c","unix_timestamp":1717649505},"tds":0,"brew_beverage_quantity":280.8,"brew_beverage_quantity_type":"GR","brew_time_milliseconds":0,"brew_temperature_time_milliseconds":0,"coffee_first_drip_time_milliseconds":0,"coffee_blooming_time_milliseconds":0,"coordinates":{"accuracy":null,"altitude":null,"altitudeAccuracy":null,"heading":null,"latitude":null,"longitude":null,"speed":null},"cupping":{"body":0,"brightness":0,"clean_cup":0,"complexity":0,"cuppers_correction":0,"dry_fragrance":0,"finish":0,"flavor":0,"sweetness":0,"uniformity":0,"wet_aroma":0,"notes":""},"cupped_flavor":{"predefined_flavors":{},"custom_flavors":[]},"method_of_preparation_tools":["2b297347-6d37-410e-b6eb-556f34758af6"],"bean_weight_in":20.1,"favourite":false,"best_brew":false,"water":"","vessel_name":"Kinto","vessel_weight":190.8,"flow_profile":"brews/d02758f2-2403-43a8-a15b-5ab033f4dd8c_flow_profile.json","reference_flow_profile":{"type":"NONE","uuid":""},"preparationDeviceBrew":{"type":"NONE"},"customInformation":{"visualizer_id":""}},{"grind_size":24,"grind_weight":22.2,"method_of_preparation":"81557c32-ce0d-41e0-8e7a-ab87fb535d56","mill":"d7a0372e-b1a7-4d90-9497-c9b1194d34f6","mill_speed":0,"mill_timer":0,"pressure_profile":"","bean":"6053b988-3188-43a9-bebb-78ce380860c6","brew_temperature_time":0,"brew_temperature":0,"brew_time":172,"brew_quantity":343.3,"brew_quantity_type":"GR","note":"","rating":0,"coffee_type":"","coffee_concentration":"","coffee_first_drip_time":0,"coffee_blooming_time":50,"attachments":[],"config":{"uuid":"d16443a9-4c81-4ca8-ba35-0991baa0ac4c","unix_timestamp":1717751286},"tds":0,"brew_beverage_quantity":298.1,"brew_beverage_quantity_type":"GR","brew_time_milliseconds":0,"brew_temperature_time_milliseconds":0,"coffee_first_drip_time_milliseconds":0,"coffee_blooming_time_milliseconds":0,"coordinates":{"accuracy":null,"altitude":null,"altitudeAccuracy":null,"heading":null,"latitude":null,"longitude":null,"speed":null},"cupping":{"body":0,"brightness":0,"clean_cup":0,"complexity":0,"cuppers_correction":0,"dry_fragrance":0,"finish":0,"flavor":0,"sweetness":0,"uniformity":0,"wet_aroma":0,"notes":""},"cupped_flavor":{"predefined_flavors":{},"custom_flavors":[]},"method_of_preparation_tools":["2b297347-6d37-410e-b6eb-556f34758af6"],"bean_weight_in":22.3,"favourite":false,"best_brew":false,"water":"","vessel_name":"Kinto","vessel_weight":190.8,"flow_profile":"brews/d16443a9-4c81-4ca8-ba35-0991baa0ac4c_flow_profile.json","reference_flow_profile":{"type":"NONE","uuid":""},"preparationDeviceBrew":{"type":"NONE"},"customInformation":{"visualizer_id":""}},{"grind_size":24,"grind_weight":14,"method_of_preparation":"81557c32-ce0d-41e0-8e7a-ab87fb535d56","mill":"d7a0372e-b1a7-4d90-9497-c9b1194d34f6","mill_speed":0,"mill_timer":0,"pressure_profile":"","bean":"25bf3245-3a34-4667-9038-add3255c4af0","brew_temperature_time":0,"brew_temperature":0,"brew_time":199,"brew_quantity":224.5,"brew_quantity_type":"GR","note":"","rating":4,"coffee_type":"","coffee_concentration":"","coffee_first_drip_time":0,"coffee_blooming_time":45,"attachments":[],"config":{"uuid":"18058065-fdbe-47b1-8f74-2b10ade84458","unix_timestamp":1717847795},"tds":0,"brew_beverage_quantity":0,"brew_beverage_quantity_type":"GR","brew_time_milliseconds":0,"brew_temperature_time_milliseconds":0,"coffee_first_drip_time_milliseconds":0,"coffee_blooming_time_milliseconds":0,"coordinates":{"accuracy":null,"altitude":null,"altitudeAccuracy":null,"heading":null,"latitude":null,"longitude":null,"speed":null},"cupping":{"body":0,"brightness":0,"clean_cup":0,"complexity":0,"cuppers_correction":0,"dry_fragrance":0,"finish":0,"flavor":0,"sweetness":0,"uniformity":0,"wet_aroma":0,"notes":""},"cupped_flavor":{"predefined_flavors":{},"custom_flavors":[]},"method_of_preparation_tools":["2b297347-6d37-410e-b6eb-556f34758af6"],"bean_weight_in":14.1,"favourite":false,"best_brew":false,"water":"","vessel_name":"Kinto","vessel_weight":190.8,"flow_profile":"brews/18058065-fdbe-47b1-8f74-2b10ade84458_flow_profile.json","reference_flow_profile":{"type":"NONE","uuid":""},"preparationDeviceBrew":{"type":"NONE"},"customInformation":{"visualizer_id":""}},{"grind_size":24,"grind_weight":14,"method_of_preparation":"81557c32-ce0d-41e0-8e7a-ab87fb535d56","mill":"d7a0372e-b1a7-4d90-9497-c9b1194d34f6","mill_speed":0,"mill_timer":0,"pressure_profile":"","bean":"25bf3245-3a34-4667-9038-add3255c4af0","brew_temperature_time":0,"brew_temperature":0,"brew_time":159,"brew_quantity":223.5,"brew_quantity_type":"GR","note":"","rating":0,"coffee_type":"","coffee_concentration":"","coffee_first_drip_time":0,"coffee_blooming_time":45,"attachments":[],"config":{"uuid":"aa122c3c-105c-47e3-852d-0b10e43f9467","unix_timestamp":1717909683},"tds":0,"brew_beverage_quantity":0,"brew_beverage_quantity_type":"GR","brew_time_milliseconds":0,"brew_temperature_time_milliseconds":0,"coffee_first_drip_time_milliseconds":0,"coffee_blooming_time_milliseconds":0,"coordinates":{"accuracy":null,"altitude":null,"altitudeAccuracy":null,"heading":null,"latitude":null,"longitude":null,"speed":null},"cupping":{"body":0,"brightness":0,"clean_cup":0,"complexity":0,"cuppers_correction":0,"dry_fragrance":0,"finish":0,"flavor":0,"sweetness":0,"uniformity":0,"wet_aroma":0,"notes":""},"cupped_flavor":{"predefined_flavors":{},"custom_flavors":[]},"method_of_preparation_tools":["2b297347-6d37-410e-b6eb-556f34758af6"],"bean_weight_in":14.1,"favourite":false,"best_brew":false,"water":"","vessel_name":"Kinto","vessel_weight":190.8,"flow_profile":"brews/aa122c3c-105c-47e3-852d-0b10e43f9467_flow_profile.json","reference_flow_profile":{"type":"NONE","uuid":""},"preparationDeviceBrew":{"type":"NONE"},"customInformation":{"visualizer_id":""}},{"grind_size":24,"grind_weight":14.5,"method_of_preparation":"81557c32-ce0d-41e0-8e7a-ab87fb535d56","mill":"d7a0372e-b1a7-4d90-9497-c9b1194d34f6","mill_speed":0,"mill_timer":0,"pressure_profile":"","bean":"7d1e3c2c-82fa-488c-a005-dd5d0720d5eb","brew_temperature_time":0,"brew_temperature":0,"brew_time":145,"brew_quantity":228.3,"brew_quantity_type":"GR","note":"","rating":4.5,"coffee_type":"","coffee_concentration":"","coffee_first_drip_time":0,"coffee_blooming_time":45,"attachments":[],"config":{"uuid":"455704d5-563d-4ed3-bff8-35796961e9af","unix_timestamp":1717913839},"tds":0,"brew_beverage_quantity":0,"brew_beverage_quantity_type":"GR","brew_time_milliseconds":0,"brew_temperature_time_milliseconds":0,"coffee_first_drip_time_milliseconds":0,"coffee_blooming_time_milliseconds":0,"coordinates":{"accuracy":null,"altitude":null,"altitudeAccuracy":null,"heading":null,"latitude":null,"longitude":null,"speed":null},"cupping":{"body":0,"brightness":0,"clean_cup":0,"complexity":0,"cuppers_correction":0,"dry_fragrance":0,"finish":0,"flavor":0,"sweetness":0,"uniformity":0,"wet_aroma":0,"notes":""},"cupped_flavor":{"predefined_flavors":{},"custom_flavors":[]},"method_of_preparation_tools":["2b297347-6d37-410e-b6eb-556f34758af6"],"bean_weight_in":14.5,"favourite":false,"best_brew":false,"water":"","vessel_name":"Kinto","vessel_weight":190.8,"flow_profile":"brews/455704d5-563d-4ed3-bff8-35796961e9af_flow_profile.json","reference_flow_profile":{"type":"NONE","uuid":""},"preparationDeviceBrew":{"type":"NONE"},"customInformation":{"visualizer_id":""}},{"grind_size":24,"grind_weight":13.9,"method_of_preparation":"81557c32-ce0d-41e0-8e7a-ab87fb535d56","mill":"d7a0372e-b1a7-4d90-9497-c9b1194d34f6","mill_speed":0,"mill_timer":0,"pressure_profile":"","bean":"7d1e3c2c-82fa-488c-a005-dd5d0720d5eb","brew_temperature_time":0,"brew_temperature":0,"brew_time":143,"brew_quantity":209.6,"brew_quantity_type":"GR","note":"","rating":4,"coffee_type":"","coffee_concentration":"","coffee_first_drip_time":0,"coffee_blooming_time":50,"attachments":[],"config":{"uuid":"1e1b33ec-45e3-4fe5-b2d0-dd314cb753aa","unix_timestamp":1717923620},"tds":0,"brew_beverage_quantity":0,"brew_beverage_quantity_type":"GR","brew_time_milliseconds":0,"brew_temperature_time_milliseconds":0,"coffee_first_drip_time_milliseconds":0,"coffee_blooming_time_milliseconds":0,"coordinates":{"accuracy":null,"altitude":null,"altitudeAccuracy":null,"heading":null,"latitude":null,"longitude":null,"speed":null},"cupping":{"body":0,"brightness":0,"clean_cup":0,"complexity":0,"cuppers_correction":0,"dry_fragrance":0,"finish":0,"flavor":0,"sweetness":0,"uniformity":0,"wet_aroma":0,"notes":""},"cupped_flavor":{"predefined_flavors":{},"custom_flavors":[]},"method_of_preparation_tools":["2b297347-6d37-410e-b6eb-556f34758af6"],"bean_weight_in":14,"favourite":false,"best_brew":false,"water":"","vessel_name":"Kinto","vessel_weight":190.8,"flow_profile":"brews/1e1b33ec-45e3-4fe5-b2d0-dd314cb753aa_flow_profile.json","reference_flow_profile":{"type":"NONE","uuid":""},"preparationDeviceBrew":{"type":"NONE"},"customInformation":{"visualizer_id":""}},{"grind_size":24,"grind_weight":15,"method_of_preparation":"81557c32-ce0d-41e0-8e7a-ab87fb535d56","mill":"d7a0372e-b1a7-4d90-9497-c9b1194d34f6","mill_speed":0,"mill_timer":0,"pressure_profile":"","bean":"25bf3245-3a34-4667-9038-add3255c4af0","brew_temperature_time":0,"brew_temperature":0,"brew_time":181,"brew_quantity":236.7,"brew_quantity_type":"GR","note":"","rating":0,"coffee_type":"","coffee_concentration":"","coffee_first_drip_time":0,"coffee_blooming_time":45,"attachments":[],"config":{"uuid":"86af6f88-680b-4ca7-95c9-f9fafcd2f6a6","unix_timestamp":1717995442},"tds":0,"brew_beverage_quantity":0,"brew_beverage_quantity_type":"GR","brew_time_milliseconds":0,"brew_temperature_time_milliseconds":0,"coffee_first_drip_time_milliseconds":0,"coffee_blooming_time_milliseconds":0,"coordinates":{"accuracy":null,"altitude":null,"altitudeAccuracy":null,"heading":null,"latitude":null,"longitude":null,"speed":null},"cupping":{"body":0,"brightness":0,"clean_cup":0,"complexity":0,"cuppers_correction":0,"dry_fragrance":0,"finish":0,"flavor":0,"sweetness":0,"uniformity":0,"wet_aroma":0,"notes":""},"cupped_flavor":{"predefined_flavors":{},"custom_flavors":[]},"method_of_preparation_tools":["2b297347-6d37-410e-b6eb-556f34758af6"],"bean_weight_in":15,"favourite":false,"best_brew":false,"water":"","vessel_name":"Kinto","vessel_weight":190.8,"flow_profile":"brews/86af6f88-680b-4ca7-95c9-f9fafcd2f6a6_flow_profile.json","reference_flow_profile":{"type":"NONE","uuid":""},"preparationDeviceBrew":{"type":"NONE"},"customInformation":{"visualizer_id":""}},{"grind_size":24,"grind_weight":15,"method_of_preparation":"81557c32-ce0d-41e0-8e7a-ab87fb535d56","mill":"d7a0372e-b1a7-4d90-9497-c9b1194d34f6","mill_speed":0,"mill_timer":0,"pressure_profile":"","bean":"7d1e3c2c-82fa-488c-a005-dd5d0720d5eb","brew_temperature_time":0,"brew_temperature":0,"brew_time":174,"brew_quantity":249.7,"brew_quantity_type":"GR","note":"","rating":0,"coffee_type":"","coffee_concentration":"","coffee_first_drip_time":0,"coffee_blooming_time":48,"attachments":[],"config":{"uuid":"899de15f-a05b-44c9-b13e-aac574ad27eb","unix_timestamp":1717998609},"tds":0,"brew_beverage_quantity":0,"brew_beverage_quantity_type":"GR","brew_time_milliseconds":0,"brew_temperature_time_milliseconds":0,"coffee_first_drip_time_milliseconds":0,"coffee_blooming_time_milliseconds":0,"coordinates":{"accuracy":null,"altitude":null,"altitudeAccuracy":null,"heading":null,"latitude":null,"longitude":null,"speed":null},"cupping":{"body":0,"brightness":0,"clean_cup":0,"complexity":0,"cuppers_correction":0,"dry_fragrance":0,"finish":0,"flavor":0,"sweetness":0,"uniformity":0,"wet_aroma":0,"notes":""},"cupped_flavor":{"predefined_flavors":{},"custom_flavors":[]},"method_of_preparation_tools":["2b297347-6d37-410e-b6eb-556f34758af6"],"bean_weight_in":15.1,"favourite":false,"best_brew":false,"water":"","vessel_name":"Kinto","vessel_weight":190.8,"flow_profile":"brews/899de15f-a05b-44c9-b13e-aac574ad27eb_flow_profile.json","reference_flow_profile":{"type":"NONE","uuid":""},"preparationDeviceBrew":{"type":"NONE"},"customInformation":{"visualizer_id":""}},{"grind_size":18,"grind_weight":15,"method_of_preparation":"e7797479-930a-4624-a076-a06edfb96f75","mill":"d7a0372e-b1a7-4d90-9497-c9b1194d34f6","mill_speed":0,"mill_timer":0,"pressure_profile":"","bean":"7d1e3c2c-82fa-488c-a005-dd5d0720d5eb","brew_temperature_time":0,"brew_temperature":0,"brew_time":174,"brew_quantity":249.7,"brew_quantity_type":"GR","note":"","rating":0,"coffee_type":"","coffee_concentration":"","coffee_first_drip_time":0,"coffee_blooming_time":48,"attachments":[],"config":{"uuid":"7458e831-5675-4f5b-833e-c34659cc7b90","unix_timestamp":1718005212},"tds":0,"brew_beverage_quantity":0,"brew_beverage_quantity_type":"GR","brew_time_milliseconds":0,"brew_temperature_time_milliseconds":0,"coffee_first_drip_time_milliseconds":0,"coffee_blooming_time_milliseconds":0,"coordinates":{"accuracy":null,"altitude":null,"altitudeAccuracy":null,"heading":null,"latitude":null,"longitude":null,"speed":null},"cupping":{"body":0,"brightness":0,"clean_cup":0,"complexity":0,"cuppers_correction":0,"dry_fragrance":0,"finish":0,"flavor":0,"sweetness":0,"uniformity":0,"wet_aroma":0,"notes":""},"cupped_flavor":{"predefined_flavors":{},"custom_flavors":[]},"method_of_preparation_tools":[],"bean_weight_in":15.1,"favourite":false,"best_brew":false,"water":"","vessel_name":"Kinto","vessel_weight":190.8,"flow_profile":"","reference_flow_profile":{"type":"NONE","uuid":""},"preparationDeviceBrew":{"type":"NONE"},"customInformation":{"visualizer_id":""}}]