[{"grind_size":18,"grind_weight":0,"method_of_preparation":"e7797479-930a-4624-a076-a06edfb96f75","mill":"d7a0372e-b1a7-4d90-9497-c9b1194d34f6","mill_speed":0,"mill_timer":0,"pressure_profile":"","bean":"3c69b8aa-5a9b-4d0e-b3af-a0f1ed493cfe","brew_temperature_time":0,"brew_temperature":0,"brew_time":173,"brew_quantity":313.1,"brew_quantity_type":"GR","note":"","rating":0,"coffee_type":"","coffee_concentration":"","coffee_first_drip_time":0,"coffee_blooming_time":45,"attachments":[],"config":{"uuid":"ed0b5e21-6684-4d41-8dcb-028267100ad3","unix_timestamp":1716713431},"tds":0,"brew_beverage_quantity":265.4,"brew_beverage_quantity_type":"GR","brew_time_milliseconds":0,"brew_temperature_time_milliseconds":0,"coffee_first_drip_time_milliseconds":0,"coffee_blooming_time_milliseconds":0,"coordinates":{"accuracy":null,"altitude":null,"altitudeAccuracy":null,"heading":null,"latitude":null,"longitude":null,"speed":null},"cupping":{"body":0,"brightness":0,"clean_cup":0,"complexity":0,"cuppers_correction":0,"dry_fragrance":0,"finish":0,"flavor":0,"sweetness":0,"uniformity":0,"wet_aroma":0,"notes":""},"cupped_flavor":{"predefined_flavors":{},"custom_flavors":[]},"method_of_preparation_tools":[],"bean_weight_in":15.2,"favourite":false,"best_brew":false,"water":"","vessel_name":"Kinto","vessel_weight":190.8,"flow_profile":"","reference_flow_profile":{"type":"NONE","uuid":""},"preparationDeviceBrew":{"type":"NONE"},"customInformation":{"visualizer_id":""}},{"grind_size":24,"grind_weight":18,"method_of_preparation":"81557c32-ce0d-41e0-8e7a-ab87fb535d56","mill":"d7a0372e-b1a7-4d90-9497-c9b1194d34f6","mill_speed":0,"mill_timer":0,"pressure_profile":"","bean":"6053b988-3188-43a9-bebb-78ce380860c6","brew_temperature_time":0,"brew_temperature":0,"brew_time":142,"brew_quantity":287,"brew_quantity_type":"GR","note":"","rating":4,"coffee_type":"","coffee_concentration":"","coffee_first_drip_time":0,"coffee_blooming_time":45,"attachments":[],"config":{"uuid":"9c64c400-3c65-4acc-9482-8b067b1adee0","unix_timestamp":1717311048},"tds":0,"brew_beverage_quantity":248.5,"brew_beverage_quantity_type":"GR","brew_time_milliseconds":0,"brew_temperature_time_milliseconds":0,"coffee_first_drip_time_milliseconds":0,"coffee_blooming_time_milliseconds":0,"coordinates":{"accuracy":null,"altitude":null,"altitudeAccuracy":null,"heading":null,"latitude":null,"longitude":null,"speed":null},"cupping":{"body":0,"brightness":0,"clean_cup":0,"complexity":0,"cuppers_correction":0,"dry_fragrance":0,"finish":0,"flavor":0,"sweetness":0,"uniformity":0,"wet_aroma":0,"notes":""},"cupped_flavor":{"predefined_flavors":{},"custom_flavors":[]},"method_of_preparation_tools":["2b297347-6d37-410e-b6eb-556f34758af6"],"bean_weight_in":18,"favourite":false,"best_brew":false,"water":"","vessel_name":"Kinto","vessel_weight":190.8,"flow_profile":"brews/9c64c400-3c65-4acc-9482-8b067b1adee0_flow_profile.json","reference_flow_profile":{"type":"NONE","uuid":""},"preparationDeviceBrew":{"type":"NONE"},"customInformation":{"visualizer_id":""}},{"grind_size":24,"grind_weight":19.9,"method_of_preparation":"81557c32-ce0d-41e0-8e7a-ab87fb535d56","mill":"d7a0372e-b1a7-4d90-9497-c9b1194d34f6","mill_speed":0,"mill_timer":0,"pressure_profile":"","bean":"6053b988-3188-43a9-bebb-78ce380860c6","brew_temperature_time":0,"brew_temperature":0,"brew_time":170,"brew_quantity":318.4,"brew_quantity_type":"GR","note":"","rating":4.5,"coffee_type":"","coffee_concentration":"","coffee_first_drip_time":0,"coffee_blooming_time":45,"attachments":[],"config":{"uuid":"327bc5cc-705f-48bf-a21e-4e5bb9cd185f","unix_timestamp":1717388866},"tds":0,"brew_beverage_quantity":277.7,"brew_beverage_quantity_type":"GR","brew_time_milliseconds":0,"brew_temperature_time_milliseconds":0,"coffee_first_drip_time_milliseconds":0,"coffee_blooming_time_milliseconds":0,"coordinates":{"accuracy":null,"altitude":null,"altitudeAccuracy":null,"heading":null,"latitude":null,"longitude":null,"speed":null},"cupping":{"body":0,"brightness":0,"clean_cup":0,"complexity":0,"cuppers_correction":0,"dry_fragrance":0,"finish":0,"flavor":0,"sweetness":0,"uniformity":0,"wet_aroma":0,"notes":""},"cupped_flavor":{"predefined_flavors":{},"custom_flavors":[]},"method_of_preparation_tools":["2b297347-6d37-410e-b6eb-556f34758af6"],"bean_weight_in":19.9,"favourite":false,"best_brew":false,"water":"","vessel_name":"Kinto","vessel_weight":190.8,"flow_profile":"brews/327bc5cc-705f-48bf-a21e-4e5bb9cd185f_flow_profile.json","reference_flow_profile":{"type":"NONE","uuid":""},"preparationDeviceBrew":{"type":"NONE"},"customInformation":{"visualizer_id":""}},{"grind_size":24,"grind_weight":20,"method_of_preparation":"81557c32-ce0d-41e0-8e7a-ab87fb535d56","mill":"d7a0372e-b1a7-4d90-9497-c9b1194d34f6","mill_speed":0,"mill_timer":0,"pressure_profile":"","bean":"6053b988-3188-43a9-bebb-78ce380860c6","brew_temperature_time":0,"brew_temperature":0,"brew_time":156,"brew_quantity":315,"brew_quantity_type":"GR","note":"","rating":0,"coffee_type":"","coffee_concentration":"","coffee_first_drip_time":0,"coffee_blooming_time":45,"attachments":[],"config":{"uuid":"4a5147de-e2fb-4295-8f91-6263d97527ad","unix_timestamp":1717561455},"tds":0,"brew_beverage_quantity":274.3,"brew_beverage_quantity_type":"GR","brew_time_milliseconds":0,"brew_temperature_time_milliseconds":0,"coffee_first_drip_time_milliseconds":0,"coffee_blooming_time_milliseconds":0,"coordinates":{"accuracy":null,"altitude":null,"altitudeAccuracy":null,"heading":null,"latitude":null,"longitude":null,"speed":null},"cupping":{"body":0,"brightness":0,"clean_cup":0,"complexity":0,"cuppers_correction":0,"dry_fragrance":0,"finish":0,"flavor":0,"sweetness":0,"uniformity":0,"wet_aroma":0,"notes":""},"cupped_flavor":{"predefined_flavors":{},"custom_flavors":[]},"method_of_preparation_tools":["2b297347-6d37-410e-b6eb-556f34758af6"],"bean_weight_in":20,"favourite":false,"best_brew":false,"water":"","vessel_name":"Kinto","vessel_weight":190.8,"flow_profile":"brews/4a5147de-e2fb-4295-8f91-6263d97527ad_flow_profile.json","reference_flow_profile":{"type":"NONE","uuid":""},"preparationDeviceBrew":{"type":"NONE"},"customInformation":{"visualizer_id":""}}]